Var1,Freq
?articles.view,3
.mja.com.au,2
).,1
")ut.edu.cn""",1
)ut.edu.cn<,1
)www.ncbi.nlm.nih.gov,2
1.bp.blogspot.com,13
1.usa.gov,1
10.1001,1
10.1080,2
1001genomes.org,6
11759_4f1cf20689ef86798ef1068894e8b881.pdf),3
119.188.168.149,2
124.205.33.103,1
139.78.75.247,6
171.66.122.149,1
1drv.ms,3
2.bp.blogspot.com,5
200.54.225.60,2
2012hs.igem.org,1
2017).<,1
202.120.12.135,2
202.127.200.1,2
203.201.63.46,1
29a.ch,15
3.bp.blogspot.com,10
4.bp.blogspot.com,12
4thwavenow.com,3
54.165.141.74,1
54.85.226.178,2
990s.foundationcenter.org,1
9to5mac.com,1
aaajournals.org,2
aac.asm.org,7
aammt.tmmu.edu.cn,2
aas.bf.uni-lj.si,3
aasep.org,6
aasldpubs.onlinelibrary.wiley.com,5
abap.co.in,15
abnormalscienceblog.wordpress.com,3
absolutelymaybe.plos.org,2
abstracts.iovs.org,3
ac.els-cdn.com,38
academia.stackexchange.com,6
"academia.stackexchange.com>""",1
"academia.stackexchange.com>"">http",1
academia.stackexchange.com><,1
academic.oup.com,224
academiceditor.blogspot.com,1
academicintegrity.rutgers.edu,2
academicjournals.org,18
acphs.edu,6
acrawsa.org.au,2
actavetscand.biomedcentral.com,2
actu.fr,2
actu.orange.fr,2
addons.mozilla.org,4
adisinsight.springer.com,1
admin-apps.webofknowledge.com,3
adsabs.harvard.edu,3
advances.sciencemag.org,47
advancesindifferenceequations.springeropen.com,16
advansta.com,9
aebi-bio.com,2
aem.asm.org,5
aemcdonald.wordpress.com,2
afni.nimh.nih.gov,3
agr.gc.ca,12
agupubs.onlinelibrary.wiley.com,11
aiche.confex.com,2
aiche.onlinelibrary.wiley.com,2
aip.scitation.org,42
ajcn.nutrition.org,25
ajebs.com,6
ajp.amjpathol.org,36
ajp.psychiatryonline.org,3
ajpcell.physiology.org,12
ajpendo.physiology.org,15
ajpgi.physiology.org,12
ajpheart.physiology.org,6
ajphs.com,6
ajplung.physiology.org,9
ajpregu.physiology.org,3
ajprenal.physiology.org,3
ajps.journals.ekb.eg,8
ajw.asahi.com,9
akarlin.com,3
akira-endo.github.io,2
akjournals.com,2
alicekim.ca,3
alla-astakhova.ru,2
allea.org,1
alter.com,2
"altmetric.com""",1
"altmetric.com"">Altmetric<",1
alturl.com,6
alzres.biomedcentral.com,2
am.ascb.org,2
ameyer.me,3
amj.amegroups.com,3
amp.ft.com,2
amp.pharm.mssm.edu,1
amp.theguardian.com,6
amphibian-reptile-conservation.org,3
ams.confex.com,10
amsdottorato.cib.unibo.it,2
amstat.tandfonline.com,2
analyticalsciencejournals.onlinelibrary.wiley.com,1
anatomypubs.onlinelibrary.wiley.com,15
andrewgelman.com,154
andthentheresphysics.wordpress.com,9
ane.pl,1
annals.org,6
annonc.oxfordjournals.org,3
anonfiles.com,3
anonm.gr,9
ansm.sante.fr,2
antigo.anvisa.gov.br,2
antonucci.clinic,1
aob.oxfordjournals.org,12
aobpla.oxfordjournals.org,3
aom.org,3
ap.iauardabil.ac.ir,2
api.crossref.org,5
apl.aip.org,3
apnews.com,6
app.box.com,2
app.dimensions.ai,18
"app.dimensions.ai""",1
app.sermo.com,2
appft1.uspto.gov,2
appliedbiology.com,5
"appliedpredictivemodeling.com""",2
"appliedpredictivemodeling.com"">http",2
"appliedpredictivemodeling.com]""",1
"appliedpredictivemodeling.com]"">http",1
appliedpredictivemodeling.com]<,1
appliedpredictivemodeling.com<,2
approachingblog.wordpress.com,3
apps.automeris.io,4
apps.dtic.mil,4
apps.mni.mcgill.ca,2
apps.who.int,13
"apps.who""",1
apps.who<,1
apsjournals.apsnet.org,273
ar.iiarjournals.org,32
aratirameshlab.weebly.com,2
arc.aiaa.org,10
archaeobotanist.blogspot.com,3
archinte.jamanetwork.com,3
archive.fo,4
archive.is,138
archive.md,24
archive.org,18
archive.ph,5
archive.vn,2
archives.fbi.gov,3
archiviodpc.dirittopenaleuomo.org,1
archonline.bio.bg.ac.rs,6
archpedi.jamanetwork.com,9
ard.bmj.com,3
areomagazine.com,2
arohatgi.info,3
ars.els-cdn.com,225
arstechnica.com,18
arthritis-research.com,3
article.nadiapub.com,1
articles.chicagotribune.com,3
arxiv.org,1677
arXiv.org,9
asapbio.org,4
ascelibrary.org,1
ascidatabase.com,9
ascij.damghaniau.ac.ir,2
ascopubs.org,2
ascpt.onlinelibrary.wiley.com,3
ashpublications.org,2
"asme.org""",9
asmedigitalcollection.asme.org,10
"asmedigitalcollection.asme.org""",9
aspb.org,2
aspendb.uga.edu,2
assets.publishing.service.gov.uk,4
assets.researchsquare.com,20
assets.thermofisher.com,1
associationofanaesthetists-publications.onlinelibrary.wiley.com,2
astrostatistics.wordpress.com,3
atkins-hcp.com,3
atlasofscience.org,3
atm.amegroups.com,4
atvb.ahajournals.org,12
augustus.gobics.de,3
"austintexas.gov""",2
"austintexas.gov"">http",2
austintexas.gov<,2
australia.emc.com,2
authors.bmj.com,4
authors.elsevier.com,7
authorservices.taylorandfrancis.com,9
authory.com,1
autism.mindspec.org,3
autoimmunity.kenes.com,2
aweablog.org,3
aws.amazon.com,3
bacandrology.biomedcentral.com,2
backup.mediterranee-infection.com,45
bactra.org,1
baltar.ddpsc.org,1
baptcb.org,3
barfblog.com,3
bariweiss.substack.com,2
barnalab.stanford.edu,6
baronespecialtysteel.com,1
"bcpt.13217""",1
bcpt.13217<,1
bdigital.ufp.pt,2
bdsc.indiana.edu,2
beallslist.net,2
beallslist.weebly.com,2
becominghuman.ai,1
beheco.oxfordjournals.org,3
benjamins.com,3
benoitguenard.files.wordpress.com,3
benthamopen.com,9
benthamscience.com,33
berkalahayati.org,2
besjournals.onlinelibrary.wiley.com,2
bestpracticeautism.blogspot.com,3
bestworstmethod.com,4
beta.theglobeandmail.com,2
beva.onlinelibrary.wiley.com,2
bfy.tw,2
biblicalarchaeologygraves.blogspot.com,2
biblio.ugent.be,3
biblioteca.universia.net,6
bio.biologists.org,24
bioaccent.org,4
biochemistri.es,6
bioconductor.org,3
bioinfogp.cnb.csic.es,1
bioinformatics.ibp.cz,2
bioinformatics.oxfordjournals.org,6
bioinfow.dep.usal.es,12
biologydirect.biomedcentral.com,2
biomed.cnjournals.com,1
biomedgerontology.oxfordjournals.org,6
biomedres.us,4
biomickwatson.wordpress.com,3
bionumbers.hms.harvard.edu,1
bioone.org,1
bioportal.bioontology.org,5
biopublisher.ca,3
biopython.org,3
biorxiv.org,149
bioscience.co.uk,2
biosignaling.biomedcentral.com,1
biospartners.com,2
biostat.mc.vanderbilt.edu,3
bip.cnrs-mrs.fr,1
bips.u-strasbg.fr,3
bird-group.org,2
bit.ly,85
bitbucket.org,3
bixpipeline.blogspot.com,1
bjoern.brembs.net,1
bjsm.bmj.com,18
blast.ncbi.nlm.nih.gov,3
blog.addgene.org,6
blog.cabells.com,4
blog.casperalbers.nl,6
blog.chembark.com,38
blog.clickgratis.com.br,6
blog.computationalcomplexity.org,1
blog.csdn.net,2
blog.dansimons.com,6
blog.dhimmel.com,3
blog.frontiersin.org,3
blog.goo.ne.jp,6
blog.imgur.com,1
blog.ki.se,2
blog.mcbryan.co.uk,2
blog.openmktg.org,4
blog.pubpeer.com,359
"blog.pubpeer.com""",1
"blog.pubpeer.com"">http",1
blog.pubpeer.com<,1
blog.sciencenet.cn,3
blog.sigfpe.com,6
blog.smw.ch,3
blogimg.goo.ne.jp,21
blogos.com,3
blogs.biomedcentral.com,3
blogs.bluebec.com,2
blogs.bmj.com,7
blogs.bmj.com.sci-hub.cc,3
blogs.ch.cam.ac.uk,3
blogs.discovermagazine.com,77
blogs.extension.org,3
blogs.mediapart.fr,2
blogs.nature.com,22
blogs.plos.org,49
blogs.sciencemag.org,39
blogs.scientificamerican.com,22
blogs.wsj.com,3
bloodjournal.hematologylibrary.org,285
bluebrain.epfl.ch,6
blushgreengrassatafridayafternoon.wordpress.com,15
bmcanesthesiol.biomedcentral.com,2
bmcbiol.biomedcentral.com,4
bmcbiotechnol.biomedcentral.com,2
bmccancer.biomedcentral.com,16
bmccomplementmedtherapies.biomedcentral.com,1
bmcdevbiol.biomedcentral.com,6
bmcendocrdisord.biomedcentral.com,2
bmcgastroenterol.biomedcentral.com,1
bmcgenomics.biomedcentral.com,20
bmcinfectdis.biomedcentral.com,3
bmcmedethics.biomedcentral.com,1
bmcmedgenet.biomedcentral.com,4
bmcmedgenomics.biomedcentral.com,1
bmcmedicine.biomedcentral.com,3
bmcmedresmethodol.biomedcentral.com,3
bmcmicrobiol.biomedcentral.com,5
bmcneurosci.biomedcentral.com,1
bmcnutr.biomedcentral.com,2
bmcpediatr.biomedcentral.com,2
bmcplantbiol.biomedcentral.com,3
bmcpregnancychildbirth.biomedcentral.com,2
bmcpsychiatry.biomedcentral.com,2
bmcpulmmed.biomedcentral.com,2
bmcresnotes.biomedcentral.com,8
bmcsurg.biomedcentral.com,3
bmcvetres.biomedcentral.com,2
bmjopen.bmj.com,21
bmjopensem.bmj.com,2
boc-online.org,3
bogan.dyson.cornell.edu,12
bonfirehealth.com,3
books.google.co.nz,1
books.google.co.uk,3
books.google.com,12
books.google.com.au,2
books.google.com.mx,2
books.google.de,3
books.google.pt,2
booksandjournals.brillonline.com,2
boundaryvalueproblems.springeropen.com,35
bouygue019340-4-4.clients.easynet.fr,3
bov.gmu.edu,1
bpspubs.onlinelibrary.wiley.com,24
brain-armor.com,2
brain.mpg.de,3
brain.oxfordjournals.org,48
brazilian.report,6
breast-cancer-research.biomedcentral.com,17
breast-cancer-research.com,6
"briansimulator.org""",1
brill.com,4
britishbirds.co.uk,6
brodiesnotes.blogspot.de,4
bse.pnl.gov,6
bvsms.saude.gov.br,4
bylinetimes.com,2
"cairographics.org""",1
"cairographics.org"">http",1
cairographics.org<,1
calsu.us,1
caltech-honor-code.tripod.com,6
caltechletters.org,1
cancer.sanger.ac.uk,3
cancer.ucsf.edu,3
cancerci.biomedcentral.com,11
cancerdiscovery.aacrjournals.org,9
cancergenome.nih.gov,2
cancerletter.com,6
cancerminer.org,2
cancerpreventionresearch.aacrjournals.org,2
cancerres.aacrjournals.org,836
canlii.ca,3
canr.udel.edu,6
cantleylab.weill.cornell.edu,3
capes.gov.br,1
captain-drones.business.site,2
carcin.oxfordjournals.org,189
cardiovascres.oxfordjournals.org,30
care.diabetesjournals.org,10
carloraganit.wordpress.com,2
cas.la.psu.edu,2
casereports.bmj.com,3
catalog.coriell.org,3
cattiviscienziati.com,2
cba.unl.edu,3
cccrg.cochrane.org).,1
ccdc.cam.ac.uk,1
ccforum.biomedcentral.com,9
cci02.liv.ac.uk,9
cco.amegroups.com,1
cdd.pharmacy.psu.ac.th,2
cdd2012.pharmacy.psu.ac.th,2
cdn.discordapp.com,6
cdn.elifesciences.org,3
cdn.intechopen.com,12
cdn.iopscience.com,2
cdn.publisher.gn1.link,2
cdn.rawgit.com,6
cdn.ymaws.com,1
cdnsciencepub.com,6
cdr.lib.unc.edu,2
cds.cern.ch,6
ceb.edu.es,3
cebp.aacrjournals.org,3
cecilebarbet.com,1
cel-sci.com,2
cell.altmetric.com,3
celldiv.biomedcentral.com,6
celltrials.info,3
cementwapnobeton.pl,6
cen.acs.org,20
cenblog.org,6
cercor.oxfordjournals.org,6
ceur-ws.org,4
cf5e727d-d02d-4d71-89ff-9fe2d3ad957f.filesusr.com,2
cfpub.epa.gov,3
cgiarcsi.community,2
challengingbell.blogspot.co.uk,33
challengingbell.blogspot.com,9
challengingbell.blogspot.nl,9
changingminds.org,2
che.org.il,3
checkcif.iucr.org,4
chem.ch.huji.ac.il,3
chemistry-europe.onlinelibrary.wiley.com,4
chemistry.stackexchange.com,1
chemistry.umeche.maine.edu,1
chemrxiv.org,9
chomsky.info,1
chp.sagepub.com,3
chrome.google.com,6
chronicle.com,6
ciber-research.eu,2
ciberâ€research.eu,4
cidadao.reclameaqui.com.br,6
ciencia.estadao.com.br,6
cienciabrasil.blogspot.com,3
cienciapublicada.blogspot.com,3
cienciapublicada.blogspot.de,6
cimonline.ca,6
circ.ahajournals.org,40
circle.ubc.ca,3
circres.ahajournals.org,90
ciser.cornell.edu,2
citeseerx.ist.psu.edu,33
cl.ly,9
clarefrancis1946.imgur.com,1
classic.rspb.royalsocietypublishing.org,3
"climatecitycup.org""",2
climatecitycup.org<,2
climatemodels.uchicago.edu,2
clincancerres.aacrjournals.org,390
clinical-research.centre.uq.edu.au,2
clinicalepigeneticsjournal.biomedcentral.com,3
clinicaltrials.gov,118
"clinicaltrials.govis""",1
clinicaltrials.govis<,1
clinphytoscience.springeropen.com,9
closerlookattheissues.blogspot.com,2
cloud.githubusercontent.com,3
cloud.tf.uni-kiel.de,2
cmas.siu.buap.mx,2
cmmid.github.io,4
cms.herbalgram.org,3
cncpp.fr,1
cnecovid.isciii.es,2
cns.bu.edu,19
cochranelibrary-wiley.com,4
cognitrn.psych.indiana.edu,5
cognoa.com,2
cogrx.com,2
colab.research.google.com,2
collectionapi.metmuseum.org,2
colorusage.arc.nasa.gov,1
comments.amnat.org,2
comments.sciencemag.org,3
commonfund.nih.gov,2
commons.m.wikimedia.org,2
commons.wikimedia.org,3
community.pachube.com,3
company.cnstock.com,2
compbio.mit.edu,11
computer.org,1
comst.tmu.edu.tw,3
confbank.um.ac.ir,3
conferences.visionbib.com,4
connectedcomputing.weebly.com,1
connectivity.brain-map.org,9
connects.catalyst.harvard.edu,3
conselho.saude.gov.br,9
"consurf.tau.ac.il""",1
consurf.tau.ac.il<,1
contacts.ucalgary.ca,3
content.iospress.com,182
content.nano.org,2
content.onlinejacc.org,6
content.time.com,6
copyleaks.com,2
"copyleaks.com""",1
copyleaks.com<,1
cordis.europa.eu,4
core.ac.uk,5
cornellpathology.com,3
coronavirus.data.gov.uk,2
coronavirus.jhu.edu,2
coronavirus.medium.com,2
corpometriainstitute.com,2
cosmictusk.com,2
cosmocoffee.info,38
covid19.ibe.med.uni-muenchen.de,2
covid19.scienceofscience.org,22
covid19criticalcare.com,2
cp.copernicus.org,2
cpr.sagepub.com,3
cr-hana.upol.cz,9
crackingtheenigma.blogspot.com,6
cran.r-project.org,14
crb.agsci.colostate.edu,3
creativecommons.org,18
credit.niso.org,1
crimesciencejournal.biomedcentral.com,2
cristal.org,4
crmda.dept.ku.edu,3
crocusbank.uclm.es,6
crosstalk.cell.com,3
crpit.scem.westernsydney.edu.au,1
cs.wmich.edu,2
cscie12.dce.harvard.edu,2
csis.gmu.edu,1
cto.med.umich.edu,2
ctri.nic.in,4
cubeupload.com,3
curry.eas.gatech.edu,2
cw.ua.edu,2
cy.wikipedia.org,3
d-nb.info,7
d.hatena.ne.jp,3
d.wanfangdata.com.cn,6
d1o6q7s4etob7k.cloudfront.net,3
d1wqtxts1xzle7.cloudfront.net,1
d2ni3bh4dzb2ig.cloudfront.net,12
d2qiws50qrj9uc.cloudfront.net,3
d3j5vwomefv46c.cloudfront.net,3
dadanramdan64.blog.uma.ac.id,4
dailycaller.com,1
dailyclout.io,6
dailynews.ascopubs.org,1
dailynous.com,7
dalmug.org,2
dancing-peasants.com,6
daniellakens.blogspot.co.uk,2
daniellakens.blogspot.com,4
daniellakens.blogspot.nl,6
darrendahly.github.io,4
data.baltimoresun.com,9
data.broadinstitute.org,3
data.mendeley.com,2
data2health.github.io,2
databases.lovd.nl,2
"datacentricai.org""",1
datacentricai.org<,1
datacolada.org,6
datadryad.org,48
datascience.codata.org,3
dati.ificazione.it,2
davidsd.org,3
dbh.nsd.uib.no,2
dbrech.irit.fr,6
de.wikipedia.org,3
dec2013.archive.ensembl.org,3
deevybee.blogspot.com,8
dejavu.vbi.vt.edu,3
depts.washington.edu,1
dergipark.ulakbim.gov.tr,3
derstandard.at,3
dev.biologists.org,32
df6sxcketz7bb.cloudfront.net,2
dfg.de,3
dgroppe.com,2
dgsgenetika.org.rs,6
dharmacon.gelifesciences.com,2
dhimmel.com,3
diabesity.ejournals.ca,3
diabetes.diabetesjournals.org,185
diabetes.wisc.edu,3
diabetesjournals.org,2
diagnosticpathology.biomedcentral.com,14
diagnostics.roche.com,1
dictionary.iucr.org,2
dictionary.reference.com,3
dienekes.blogspot.com,3
digest.bps.org.uk,8
digital.csic.es,4
digital.library.adelaide.edu.au,4
digital.library.unt.edu,5
digitalcommons.lsu.edu,1
digitalcommons.usf.edu,2
diglib.lib.utk.edu,1
"dimensions.ai""",1
dimensions.altmetric.com,2
dinkes.papuabaratprov.go.id,2
discourse.datamethods.org,30
discovermagazine.com,3
discovery.ucl.ac.uk,4
discoveryjournals.com,30
disq.us,11
dissexpress.umi.com,3
dist-prog-book.com,4
divergentdata.substack.com,2
dl.acm.org,10
dl.dropboxusercontent.com,54
dl.sciencesocieties.org,2
dmd.aspetjournals.org,9
dmorisky.bol.ucla.edu,3
dmsjournal.biomedcentral.com,1
doaj.org,8
docnum.univ-lorraine.fr,8
docobook.com,2
docplayer.net,3
docs.google.com,1746
docs.media.bitpipe.com,2
docs.wixstatic.com,8
docsdrive.com,5
docserv.uni-duesseldorf.de,4
docserver.ingentaconnect.com,15
docshare02.docshare.tips,1
dodccrp.org,2
doi-org.ezp.lib.cam.ac.uk,2
doi.,1
doi.10.1016,8
doi.10.1021,2
"doi.o""",1
doi.o<,1
doi.org,11082
DOI.org,4
doi.org.,2
doi.wiley.com,2
doi10.1001,2
doir.org,10
domainbigdata.com,1
dotearth.blogs.nytimes.com,1
doutoregon.wordpress.com,3
download.cell.com,9
download.journals.elsevierhealth.com,3
download.springer.com,48
downloads.bbc.co.uk,1
downloads.hindawi.com,5
dr.ntu.edu.sg,1
drive.google.com,135
drugmonkey.scientopia.org,1
dsc.kau.edu.sa,6
dsimg.ubm-us.net,1
dspace.library.uu.nl,1
dspace.mit.edu,4
dsq-sds.org,6
dste.puducherry.gov.in,6
dumas.ccsd.cnrs.fr,2
dx.chinadoi.cn,2
dx.doi.org,152362
"dx.doi""",2
dx.doi<,2
dx.plos.org,6
dynamicecology.wordpress.com,9
e-m-b.org,3
earth-planets-space.springeropen.com,2
earthinginstitute.net,2
earthobservatory.nasa.gov,6
ebm.bmj.com,4
ebmh.bmj.com,6
ebooks.benthamscience.com,4
ebooks.iospress.nl,2
ec.europa.eu,7
ecclesiastes911.net,8
echa.europa.eu,2
ecms.unibs.it,10
ecoevoevoeco.blogspot.com,1
ecoevorxiv.org,5
ecologyforthemasses.com,2
econjwatch.org,5
edepot.wur.nl,3
edge.org,3
edition.cnn.com,1
editorethics.uncc.edu,6
editorialexpress.com,8
editorresources.taylorandfrancisgroup.com,3
editorsupdate.elsevier.com,3
edmgr.ovid.com,4
edoc.unibas.ch,2
edwardnirenberg.medium.com,2
edzardernst.com,7
eeb.lu.lv,3
eferenike.com,1
ega-archive.org,1
egret.psychol.cam.ac.uk,9
ehjournal.biomedcentral.com,5
ehp.niehs.nih.gov,12
ehtrust.org,2
eiko-fried.com,3
einstein-physics.org,5
ejbc.kr,2
ejde.math.txstate.edu,14
ejde.math.unt.edu,1
eje-online.org,12
ejfa.info,12
ejmcm.com,1
ejournals.bc.edu,4
ejsms.gau.ac.ir,2
elder.njjcbio.com,2
elenadragomirro.wordpress.com,6
elib.belstu.by,2
elib.suub.uni-bremen.de,6
elifesciences.org,62
elizabethstokerbruenig.com,6
elpais.com,9
elsarticle.com,3
elsc.huji.ac.il,3
emboj.embopress.org,71
embomolmed.embopress.org,8
embopress.org,3
embor.embopress.org,5
embryology.med.unsw.edu.au,2
emcrit.org,2
emedicine.medscape.com,3
emeraldinsight.com,2
emhg.org,1
en-lifesci.tau.ac.il,3
en.citizendium.org,6
en.cnki.com.cn,4
en.irct.ir,2
en.journals.sid.ir,9
en.kintor.com.cn,1
en.m.wikipedia.org,6
en.oxforddictionaries.com,3
en.wikipedia.org,730
EN.WIKIPEDIA.ORG,1
en.wikiquote.org,4
en.wiktionary.org,6
encrypted-tbn1.gstatic.com,3
endo.endojournals.org,87
endometriosis.org,4
energy.kashanu.ac.ir,2
energy.stanford.edu,1
eng.ox.ac.uk,1
engineering.purdue.edu,3
engineering.stackexchange.com,1
enginyeriainformatica.cat,12
english.elpais.com,2
english.kyodonews.jp,6
english.pte.hu,3
enseqlopedia.com,6
enterprises.upmc.com,1
enveurope.springeropen.com,3
epaper.dnaindia.com,9
epd.epfl.ch,2
epgntxeinstein.tumblr.com,6
epiramblings.blogspot.com,3
epoc.cochrane.org,2
eprajournals.com,3
eprints.csirexplorations.com,2
eprints.hud.ac.uk,38
eprints.lib.hokudai.ac.jp,2
eprints.uni-mysore.ac.in,3
epub.uni-regensburg.de,1
epubs.siam.org,1
erc.endocrinology-journals.org,51
erc.europa.eu,24
erj.ersjournals.com,3
errorstatistics.com,7
es.made-in-china.com,2
esajournals.onlinelibrary.wiley.com,2
escholarship.mcgill.ca,4
escholarship.org,7
esciencelab.org.uk,4
escml.umd.edu,6
ese.arphahub.com,8
eses-catrina.com,6
etd.fcla.edu,6
etd.lib.nsysu.edu.tw,6
etd.library.vanderbilt.edu,3
etd.ohiolink.edu,4
ethics-and-integrity.org,1
ethos.bl.uk,3
eu.idtdna.com,2
eua.eu,2
eugenemilne.com,2
euginius.eu,2
eurekaselect.com,24
eurheartj.oxfordjournals.org,12
europepmc.org,57
eurosolar.org,2
eurostemcell.org,3
eusa-riddled.blogspot.com,1
evoanth.wordpress.com,6
ewh.ieee.org,3
exploring-africa.blogspot.com,12
f1000.com,28
f1000research.com,44
fa.tu-sofia.bg,1
facades.lbl.gov,1
faculty.gvsu.edu,1
faculty.haas.berkeley.edu,3
faculty.mdanderson.org,3
faeuat0.us.es,3
fampra.oxfordjournals.org,6
faseb.onlinelibrary.wiley.com,10
favpng.com,2
fds.cityu.edu.mo,6
febs.onlinelibrary.wiley.com,1860
feinmantheother.com,3
ferniglab.wordpress.com,22
fertstertforum.com,4
fibrogenesis.biomedcentral.com,3
figshare.com,120
"figshare.com""",1
"figshare.com"">http",1
figshare.com<,1
fiji.sc,9
"fiji.sc]""",1
"fiji.sc]"">http",1
fiji.sc]<,1
file.scirp.org,2
filebox.bcbl.eu,2
files.aws.org,2
filesender.aco.net,3
filesender.renater.fr,2
finance.eastmoney.com,2
finance.takungpao.com,2
finance.yahoo.com,2
findarticles.com,2
fit.genomics.lbl.gov,2
fivethirtyeight.com,35
fixedpointtheoryandapplications.springeropen.com,14
flakyj.blogspot.com,8
flamingogrand.com,2
flash.lakeheadu.ca,3
flic.kr,3
floppy.psb.ugent.be,12
foiaproject.org,6
foodpsychology.cornell.edu,6
forbetterscience.com,1306
forbetterscience.files.wordpress.com,16
forbetterscience.wordpress.com,171
"forbetterscience.wordpress.com""",1
"forbetterscience.wordpress.com"">https",1
forbetterscience.wordpress.com<,1
forensicdnaconsulting.wordpress.com,3
forum.bodybuilding.com,3
forums.moneysavingexpert.com,4
forums.phoenixrising.me,10
fotoforensics.com,12
"fotoforensics.com""",3
"fotoforensics.com"">http",3
fotoforensics.com<,3
fqxi.org,6
fr.ap-hm.fr,2
fr.mathworks.com,1
fr.wikipedia.org,6
freerangestats.info,2
freespace.virgin.net,21
freethoughtblogs.com,3
frontiersrj.com,4
fruits.edpsciences.org,4
fs.mingpao.com,3
ftp.esrf.eu,6
ftp.ncbi.nlm.nih.gov,1
fukushimavoice-eng2.blogspot.fr,3
fyre.it,3
g1.globo.com,6
garstats.wordpress.com,30
gb.oversea.cnki.net,4
gbe.oxfordjournals.org,6
gbtrp.com,9
gcat.medschl.cam.ac.uk,2
gcbias.org,3
genengnews.com,1
geneontology.org,3
genesareoverrated.blogspot.com,3
genesdev.cshlp.org,70
genesenvironment.biomedcentral.com,2
geneticliteracyproject.org,1
geneticsmr.com,2
genie.weizmann.ac.il,2
genome.cshlp.org,15
genome.ucsc.edu,18
genomea.asm.org,3
genomebiology.biomedcentral.com,18
genomebiology.com,9
genomemedicine.com,3
genomics.isi.edu,3
geodes.santepubliquefrance.fr,4
gepia.cancer-pku.cn,22
germinate.seedsofdiscovery.org,1
getwww.uni-paderborn.de,1
gidmk.medium.com,11
gigascience.biomedcentral.com,9
girci-idf.fr,6
gisanddata.maps.arcgis.com,2
gist.github.com,10
github.com,246
gitlab.com,1
gizmodo.com,2
global.oup.com,1
globaljournals.org,3
globalresearchonline.net,21
globalsolaratlas.info,2
glycob.oxfordjournals.org,3
gna.org,3
gnnliberia.com,3
gnomad.broadinstitute.org,2
gnomepublications.org,2
go.nature.com,2
goldbook.iupac.org,5
gom.sagepub.com,15
goo.gl,74
gp3.mpg.de,2
graduateschool.vt.edu,2
grahametherington.blogspot.co.uk,3
grantome.com,29
grants.nih.gov,21
grants2.nih.gov,6
graphpad.com,9
gravityprobebpseudonyms.wordpress.com,3
greenfluorescentblog.wordpress.com,6
gregashman.wordpress.com,2
grftr.news,4
gromacs.bioexcel.eu,2
groups.google.com,18
groups.oist.jp,2
groverlab.org,14
guangchuangyu.github.io,3
gut.bmj.com,3
gutpathogens.biomedcentral.com,9
hackaday.com,2
hackernoon.com,2
hal.archives-ouvertes.fr,10
hamptonresearch.com,1
handbook-5-1.cochrane.org,6
handbook.cochrane.org,7
handle.ncl.edu.tw,3
hannalabweb.weizmann.ac.il,21
hardsci.wordpress.com,6
harzing.com,3
hatch.cpmc.columbia.edu,3
hbr.org,4
hcrenewal.blogspot.com,3
hd-conference.com,1
hdl.handle.net,28
he.moe.gov.sa,3
"headshot.meta-science.com""",1
"headshot.meta-science.com"">http",1
headshot.meta-science.com<,1
health-policy-systems.biomedcentral.com,3
health.belgium.be,8
healthier.stanfordchildrens.org,1
healthjournalism.org,3
healthmap.org,6
healthpolicy-watch.news,2
healthpolicy.fsi.stanford.edu,3
healthsewak.blogspot.com,2
heart.bmj.com,12
heartcycle.med.auth.gr,2
hebei.hebnews.cn,2
helda.helsinki.fi,40
hellmannreport.wordpress.com,3
heterodoxacademy.org,3
hildabastian.net,6
hippocratesmedreview.org,2
hireslab.files.wordpress.com,6
histology.medicine.umich.edu,6
historicengland.org.uk,2
historiesofecology.blogspot.co.uk,6
hk.apple.nextmedia.com,3
hkcolumn.blogspot.hk,3
hmdb.ca,2
hmg.oxfordjournals.org,109
hmpdacc.org,4
"hmpdacc.org""",2
hmpdacc.org<,2
hoaxes.org,3
holmansbiotechipblog.blogspot.com,3
home.frontiersin.org,3
home.ubalt.edu,1
homeopathy-soh.org,8
homepages.ulb.ac.be,3
honorsystem.vt.edu,4
hopepressworks.org,1
horikawad.hatenadiary.com,3
horizonepublishing.com,6
hortla.agsci.colostate.edu,3
hortsci.ashspublications.org,57
horttech.ashspublications.org,33
host.cc.ntu.edu.tw,3
hotcopper.com.au,2
hpscreg.eu,8
hsb.sagepub.com,3
html1-f.scribdassets.com,3
huggingface.co,2
hum.sagepub.com,3
human.brain-map.org,3
HumanMicrobiome.info,2
humansystems.arc.nasa.gov,2
humrep.oxfordjournals.org,9
hvg.hu,2
hwww.academicjournals.org,24
hyper.ahajournals.org,18
hyperphysics.phy-astr.gsu.edu,3
i.ibb.co,2
i.imgsafe.org,3
i.imgur.com,1013
i.mgur.com,3
i.postimg.cc,10
i.snipboard.io,10
i1.wp.com,2
i56.tinypic.com,2
i57.tinypic.com,3
i61.tinypic.com,6
i63.tinypic.com,52
i64.tinypic.com,50
i65.tinypic.com,59
i66.tinypic.com,30
i67.tinypic.com,36
i68.tinypic.com,32
iacfsme.org,6
iacuc.ucsf.edu,6
iacuc.wsu.edu,2
iaeme.com,1
iai.asm.org,30
iamt.kit.edu,2
iapac.org,8
iastam.org,2
iasted.org,1
iataskforce.org,3
ib.rc.unesp.br,3
ibb.co,3
ic.ucsc.edu,1
icahn.mssm.edu,6
ichgcp.net,2
icis.ucdavis.edu,33
iclac.org,6
idea.library.drexel.edu,3
idealobserverblog.wordpress.com,9
ideas.repec.org,9
ideastations.org,6
idisco.info,2
idpjournal.biomedcentral.com,4
iea.org.uk,1
ieee-emf.com,90
ieeexplore.ieee.org,79
igorpak.wordpress.com,5
igt.ip.uca.fr,3
iicb.res.in,9
iiif.elifesciences.org,18
ijagcs.com,3
"ijast.org""",1
ijast.org<,1
ijfas.com,6
ijfs.usb.ac.ir,2
ijiit.webs.com,3
ijme.in,3
ijml.ssu.ac.ir,2
ijpjournal.com,6
ijponline.biomedcentral.com,1
ijprs.com,3
ijpsr.com,4
ijsetr.com,1
ikee.lib.auth.gr,2
illusionoftheyear.com,7
image-net.org,4
image.ibb.co,6
image.slidesharecdn.com,2
imagebank.osa.org,3
images.app.goo.gl,2
images.pubpeer.com,66156
images.weserv.nl,1
images2.imgbox.com,36
imageshack.com,3
imageshack.us,3
imaging.utk.edu,80
imagizer.imageshack.com,8
"imago.unibo.it""",1
imago.unibo.it<,1
img-blog.csdnimg.cn,4
img4.hostingpics.net,6
img45.imagevenue.com,12
imgflip.com,8
imgur.com,156
Imgur.com,6
"imgur.com""",1
"Imgur.com""",10
imgur.com<,1
Imgur.com<,10
immuneweb.xxmu.edu.cn,3
immunobon.de,1
immunology.sciencemag.org,3
impact.ref.ac.uk,4
imsrc.bioinfo.cnio.es,3
imvalliance.org,1
in.booksc.eu,1
"inaspauthoraid.stage.aptivate.org""",1
"inaspauthoraid.stage.aptivate.org"">http",1
inaspauthoraid.stage.aptivate.org<,1
inclinedbedtherapy.com,2
"inclinedbedtherapy.com""",1
inclinedbedtherapy.com<,1
indiatoday.intoday.in,6
industria.gob.es,2
inf.news,2
info.debmed.com,2
infobionic.com,2
informahealthcare.com,18
infoscience.epfl.ch,3
infotomb.com,3
infusionnurse.org,1
ink.library.smu.edu.sg,3
innovareacademics.in,1
insight.jci.org,8
insights.ovid.com,4
insightsimaging.springeropen.com,2
int-ornith-union.org,3
int-wenzelweb.int.kit.edu,3
internal-journal.frontiersin.org,1
internationaleducation.gov.au,3
interscience.org.uk,3
intra.engr.ucr.edu,3
inventconference.com,2
investors.exicuretx.com,1
io9.gizmodo.com,4
iop.altmetric.com,2
iopscience.iop.org,96
iovs.arvojournals.org,9
ipaknowledge.org,2
ipcbee.com,3
iphylo.blogspot.co.uk,9
ipscell.com,8
ir.inflibnet.ac.in,12
iratde.com,3
irihs.ihs.ac.at,2
iristown.engr.utk.edu,1
isec.hitsz.edu.cn,1
ispub.com,2
isrs.kagawa-u.ac.jp,6
issc.asu.edu,2
isseikomuro.blogspot.com,15
issuu.com,2
istam.iitkgp.ac.in,1
istio.io,2
isws.org.in,3
it.science.cmu.ac.th,3
iubmb.onlinelibrary.wiley.com,4
iucrdata.iucr.org,2
iupac.org,2
iv.iiarjournals.org,2
j.mp,15
jabonline.in,8
jacob.puliyel.com,3
jad.sagepub.com,2
jalm.aaccjnls.org,3
jama.jamanetwork.com,6
jamanetwork.altmetric.com,3
jamanetwork.com,30
jamesivassociationsurgeons.com,6
jamia.bmj.com,3
jamiahamdard.edu,24
jap.iums.ac.ir,4
jap.physiology.org,3
japsonline.com,6
jasonpriem.org,2
jasp-stats.org,1
"jasp-stats.org""",1
jasp-stats.org<,1
jast.modares.ac.ir,6
jb.asm.org,24
jb.oxfordjournals.org,6
jbc.org,3
jbcc.harvard.edu,3
jbcresources.asbmb.org,2
jbiomedsci.biomedcentral.com,2
jbr.sagepub.com,3
jbsr.org,3
jbuon.com,38
jcb-biowrites.rupress.org,3
jcb.rupress.org,73
jcem.endojournals.org,57
jci.org,18
jcm.asm.org,14
jco.ascopubs.org,6
jcoynester.wordpress.com,43
jcp.bmj.com,6
"jcr.clarivate.com""",1
jcs.biologists.org,202
jddtonline.info,1
jeb.biologists.org,2
jeccr.biomedcentral.com,11
jecet.org,1
jem.rupress.org,33
jfly.uni-koeln.de,2
jfr.nefu.edu.cn,12
jgv.microbiologyresearch.org,3
jhc.sagepub.com,12
jhered.oxfordjournals.org,3
jhoonline.biomedcentral.com,4
jhortscib.com,3
jid.oxfordjournals.org,3
jimmunol.org,3
jin.imrpress.com,2
jitc.bmj.com,2
jlsc-pub.org,4
jmcb.oxfordjournals.org,3
jmd.amjpathol.org,3
jme.bioscientifica.com,2
jme.bmj.com,2
jme.endocrinology-journals.org,42
jme.oxfordjournals.org,3
jmg.bmj.com,6
jmm.sgmjournals.org,3
jn.nutrition.org,27
jn.physiology.org,7
jnci.oxfordjournals.org,15
jneuroinflammation.biomedcentral.com,3
jnumedmtg.snmjournals.org,3
joe.endocrinology-journals.org,24
joedunckley.wordpress.com,3
johnhcochrane.blogspot.com,3
johnmacfarlane.net,3
jom.sagepub.com,42
josr-online.biomedcentral.com,1
journal-pop.org,9
journal.ashspublications.org,12
journal.frontiersin.org,100
journal.it.cas.cz,1
journal.medsys-site.com,12
journal.r-project.org,3
journal.romainbrette.fr,61
journal.sjdm.org,5
journal.stemfellowship.org,3
journal.waocp.org,2
journalofcontroversialideas.org,6
journalofinequalitiesandapplications.springeropen.com,22
journalofwebengineering.com,2
journals-crea.4science.it,2
journals.ametsoc.org,12
journals.aom.org,2
journals.aps.org,58
journals.asm.org,133
journals.biologists.com,2
journals.cambridge.org,3
journals.humankinetics.com,2
journals.iucr.org,14
journals.lww.com,45
journals.mu-varna.bg,4
journals.physiology.org,29
journals.plos.org,856
"journals.plos.org""",1
journals.plos.org<,1
journals.sagepub.com,206
journals.tubitak.gov.tr,63
journals.usamvcluj.ro,3
journosdiary.com,5
jov.arvojournals.org,40
jpet.aspetjournals.org,37
jpldataeval.jpl.nasa.gov,3
jpma.org.pk,17
jpp.whs.mil,1
jsmp.dk,2
judgestarling.tumblr.com,14
judithcurry.com,3
julianstirling.co.uk,21
junkcharts.typepad.com,1
junkfoodscience.blogspot.com,3
jurnal.batan.go.id,2
justlikecooking.blogspot.com,3
justthevax.blogspot.ca,3
jvi.asm.org,83
jxb.oxfordjournals.org,57
kamounlab.dreamhosters.com,6
kamounlab.tumblr.com,6
karinlab-et-al.blogspot.com,5
"karinlab-et-al.blogspot.de""",3
"karinlab-et-al.blogspot.de"">http",3
karinlab-et-al.blogspot.de<,3
kce.fgov.be,10
keiomatome.blogspot.com,3
kendrickkay.net,3
kfolta.blogspot.ch,3
ki.se,19
kim-mitsuyama-shokei.blogspot.com,27
kinetics.nist.gov,3
kjc.qdu.edu.cn,3
kkd.ou.edu,3
kknews.cc,25
klimaskeptiker.info,2
kloptdatwel.nl,2
"kmersvm.beerlab.org""",2
"kmersvm.beerlab.org"">http",2
kmersvm.beerlab.org<,2
kmplot.com,2
knowthecode.dso.iastate.edu,2
kns.cnki.net,25
kogiasimus.wordpress.com,3
komejournal.com,20
konferenca.unishk.edu.al,6
koreascience.or.kr,2
kpv.kazusa.or.jp,3
krescook.wordpress.com,3
krishnamoorthi.house.gov,1
ksu.edu.sa,12
kuscholarworks.ku.edu,2
kyushu-u.pure.elsevier.com,2
laborjournal.de,15
labstats.net,3
labtimes.org,9
lakartidningen.se,6
languagelog.ldc.upenn.edu,2
lattes.cnpq.br,6
laws-lois.justice.gc.ca,3
lccn.loc.gov,27
le.uwpress.org,3
leastthing.blogspot.com,2
leb.snu.ac.kr,4
leedr.dyson.cornell.edu,3
leftbrainrightbrain.co.uk,8
lenr-canr.org,3
lgbthealthequity.files.wordpress.com,3
lh4.googleusercontent.com,2
liberquarterly.eu,2
libertesphilosophica.academia.edu,9
libertesphilosophica.info,177
libgen.io,3
libguides.asu.edu,2
library.iated.org,2
library.upol.cz,4
library.wur.nl,3
lifehacker.com,3
lifeserv.bgu.ac.il,1
lighteducationtraining.weebly.com,2
lindadouw.com,1
"lindadouw.com""",2
lindeloev.net,2
link.springer.com,2618
linkinghub.elsevier.com,19
linline-ms.com,1
liorpachter.wordpress.com,76
lipidworld.biomedcentral.com,2
lists.utsouthwestern.edu,3
littleatoms.com,3
littlerascalsdaycarecase.org,12
live.staticflickr.com,4
lizwager.com,18
lnu.se,8
lolpics.com,1
londonstudent.coop,4
loop.frontiersin.org,5
lowelab.ucsc.edu,12
loyolamedicine.org,6
lpi.oregonstate.edu,3
lrempegillen.wikispaces.com,3
ltd.aruplab.com,4
lup.lub.lu.se,6
ly120.cn,4
lymescience.org,2
m.baike.com,4
m.carcin.oxfordjournals.org,3
m.imgur.com,2
m.koreaherald.com,2
m.ourwindsor.ca,3
m.plantphysiol.org,3
m.wolframalpha.com,2
ma.yousefiara.student.um.ac.ir,3
macsphere.mcmaster.ca,2
madeinmarseille.net,2
madhavuniversity.edu.in,2
mafft.cbrc.jp,1
mag.digitalpc.co.uk,3
magazines.ieeeauthorcenter.ieee.org,1
magicpillsmovie.com,2
mail.df.unipi.it,3
mailinator.com,3
mainichi.jp,6
malariajournal.biomedcentral.com,2
"mantra.tigem.it)""",1
mantra.tigem.it)<,1
manubot.org,1
mappingignorance.org,3
marioezezzi.com.br,6
marketplace.copyright.com,2
markusmeister.com,3
marlin-prod.literatumonline.com,2
marsactu.fr,4
martin-buchheit.net,2
math.ucr.edu,4
mathbabe.org,3
mathematicalneuroscience.files.wordpress.com,1
mathoverflow.net,8
mathpages.com,3
maths.anu.edu.au,34
mathworld.wolfram.com,15
maxwellsci.com,12
may2009.archive.ensembl.org,3
mbio.asm.org,30
mbnuijten.files.wordpress.com,3
mc-stan.org,2
mc05.manuscriptcentral.com,9
mcb.asm.org,502
mcdb.osu.edu,3
mchp-appserv.cpe.umanitoba.ca,3
mcl.usc.edu,1
mcr.aacrjournals.org,64
mct.aacrjournals.org,191
md-anderson-cc.blogspot.com,5
"md-anderson-cc.blogspot.com""",1
md-anderson-cc.blogspot.com<,1
md-anderson-cc.blogspot.de,3
"md-anderson-cc.blogspot.de""",1
"md-anderson-cc.blogspot.de"">http",1
md-anderson-cc.blogspot.de<,1
md-anderson-cc.blogspot.fr,9
md-anderson-cc.blogspot.no,3
mdm.sagepub.com,3
med.china.com.cn,24
med.nyu.edu,6
med.sina.cn,1
med.stanford.edu,4
med.wanfangdata.com.cn,3
medcraveonline.com,2
medi.ru,3
media.gazetadopovo.com.br,2
media.giphy.com,2
media.jamanetwork.com,15
media.johnwiley.com.au,3
media.marinomed.com,2
media.nature.com,13
media.springer.com,3
media.springernature.com,38
mediarelations.cornell.edu,3
mediatum.ub.tum.de,2
medicalcommunicationsconsultants.com,4
medicalxpress.com,4
medicine.ekmd.huji.ac.il,3
medicine.osu.edu,6
medium.com,80
medlineplus.gov,2
medrxiv.org,2
medwinpublishers.com,3
meenag.com,2
melissaterras.org,3
melivet.com,2
melivet.files.wordpress.com,2
melwy.com,2
mend.endojournals.org,15
metaphrastes.wordpress.com,2
meteoinfo.ru,2
metrics.stanford.edu,2
mfr.osf.io,2
mgto.org,2
mhfa.com.au,4
mic.microbiologyresearch.org,2
michigantoday.umich.edu,3
microbeonline.com,1
microbialcell.com,3
microbiomejournal.biomedcentral.com,3
mie.umass.edu,2
miguelspuch.wix.com,3
militaryhealth.bmj.com,2
minatx.com,2
mindgangsta.wordpress.com,1
mindhacks.com,1
minst.org,4
mirkin-group.northwestern.edu,1
mitpress.mit.edu,2
mitranscriptome.org,2
miyaichi.up.seesaa.net,3
mm2007.microscopy.org,1
mnglabs.com,2
mobile.twitter.com,11
moc.aom.org,3
mocklerlab-tools.cgrb.oregonstate.edu,3
mocklerlab.org,3
models.street-artists.org,1
molecular-cancer.biomedcentral.com,14
molehr.oxfordjournals.org,9
molevol.cmima.csic.es,1
molmed.biomedcentral.com,4
molpharm.aspetjournals.org,148
monographs.iarc.fr,3
montagnier.org,3
montrealgazette.com,2
mothphotographersgroup.msstate.edu,3
motuin.org,2
"motuin.org""",2
mountainscholar.org,2
mouse.brain-map.org,11
mp.bmj.com,3
mp.weixin.qq.com,14
mpee.northumbria.ac.uk,2
mpss.danforthcenter.org,3
mrdrscienceteacher.wordpress.com,3
mro.massey.ac.nz,6
mrsuttonntu.wordpress.com,24
msb.embopress.org,7
msystems.asm.org,1
muircheart.wordpress.com,69
munewsarchives.missouri.edu,2
my.aspb.org,3
my.wpcarey.asu.edu,3
mybridgeedu.com,2
mycore.core-cloud.net,3
myictam2016.zerista.com,3
mythsofvisionscience.wordpress.com,265
n.neurology.org,1
n2t.net,2
naaclt.org,3
nac.nic.in,12
"nadiapub.com""",1
nadiapub.com<,1
nano.cancer.gov,3
nanofiltration2020.iamt.kit.edu,2
nanoheat.stanford.edu,2
nanoscale.blogspot.co.uk,3
nanoscale.blogspot.fr,3
nanoscalereslett.springeropen.com,1
nap.edu,3
napoli.repubblica.it,5
nar.oxfordjournals.org,66
nationalpost.com,2
natreoninc.com,4
naturalistic-data.org,2
naturalsolutions.nz,2
nature.com,1
nautil.us,1
nbdt.scholasticahq.com,2
ncbi.nlm.nih.gov,3
nccih.nih.gov,2
ncim.nci.nih.gov,1
ndb.nal.usda.gov,3
ndownloader.figstatic.com,4
necsi.edu,2
neherlab.org,5
nehu.ac.in,12
neo4j.het.io,2
nepjol.info,8
"netbag.c2b2.columbia.edu""",1
"netbag.c2b2.columbia.edu"">http",1
netbag.c2b2.columbia.edu<,1
neuro.plos.org,3
neuro.psychiatryonline.org,2
neuroconscience.com,3
neurocritic.blogspot.com,9
neurocritic.blogspot.fr,3
neurodojo.blogspot.com,6
neurofuture.eu,3
neuromtl.com,2
neuroneurotic.net,2
neuroneurotic.wordpress.com,3
neuroscience.onair.cc,2
neurostatscyrilpernet.blogspot.co.uk,3
neurosurgery.mgh.harvard.edu,6
neurovault.org,2
new.immunoreg.jp,3
news.bbc.co.uk,9
news.iu.edu,2
news.ku.dk,3
news.liverpool.ac.uk,2
news.nationalgeographic.com,3
news.nationalpost.com,3
news.northwestern.edu,2
news.osu.edu,4
news.panasonic.com,3
news.psu.edu,2
news.pts.org.tw,3
news.sciencemag.org,51
news.stanford.edu,1
news.utk.edu,4
news.veruscript.com,2
news.ycombinator.com,6
newsoffice.mit.edu,3
newsroom.unsw.edu.au,3
nextpittsburgh.com,1
nextstrain.org,10
nexus.od.nih.gov,3
nf-kappab.org.uk,12
nfaivre.netlify.com,2
nieuws.kuleuven.be,4
nihrecord.od.nih.gov,3
nikokriegeskorte.org,3
nl.wikipedia.org,2
nltu.edu.ua,2
nopr.niscair.res.in,99
notreproducible.files.wordpress.com,54
notulaebiologicae.ro,15
nrcpb.res.in,3
nsaunders.wordpress.com,3
nsf.gov,2
ntr.oxfordjournals.org,3
numbersopinions.blogspot.com.au,3
nutrition-coalition.org,3
nutritiondata.self.com,18
nutritionj.biomedcentral.com,2
nvlpubs.nist.gov,2
nwkpsych.rutgers.edu,12
nymag.com,54
nypost.com,11
nyscf.org,2
nytimes.com,3
"oa2020.org""",1
oa2020.org<,1
oai.gmu.edu,2
oaspa.org,6
obgyn.onlinelibrary.wiley.com,4
ocasapiens-dweb.blogautore.repubblica.it,17
ocw.mit.edu,2
odedgalor.virb.com,3
odelaneau.github.io,2
odr.chalmers.se,2
oewri.missouristate.edu,3
ogis.archives.gov,3
oi65.tinypic.com,3
oi66.tinypic.com,6
oi68.tinypic.com,6
oil.vcdcenter.com,4
ojs.lib.unideb.hu,4
old.ieeecss.org,1
old.reddit.com,2
old.tcmsp-e.com,2
om.ciheam.org,3
omb.oregon.gov,2
omicsgroup.com,6
omicsonline.org,27
"online-image-comparison.com""",1
online-image-comparison.com<,1
online.liebertpub.com,43
online.ucpress.edu,6
online.wsj.com,3
"onlinelibrary.wile""",1
"onlinelibrary.wile"">http",1
onlinelibrary.wile<,1
onlinelibrary.wiley.com,2185
onlinelibrary.wiley.com.,3
"onlinelibrary.wiley.com""",1
onlinelibrary.wiley.com<,1
"onlinelibrary.wiley""",2
onlinelibrary.wiley<,2
onlinestatbook.com,2
open.spotify.com,4
openaccess.mpg.de,2
openaccess.thecvf.com,4
openarchive.ki.se,2
opendata.ncats.nih.gov,2
opengovus.com,2
openi.nlm.nih.gov,2
openneuro.org,6
openpaymentsdata.cms.gov,6
ophid.utoronto.ca,3
opticalillusions4kids.blogspot.gr,6
ora.ox.ac.uk,4
orca.cf.ac.uk,2
orcid.org,15
oregonstate.edu,3
ori.hhs.gov,88
oria.cornell.edu,3
origin-ars.els-cdn.com,12
origin-ars.els-cdn.com.laneproxy.stanford.edu,3
orthopedics.imedpub.com,4
orwh.od.nih.gov,3
orygen.org.au,2
osf.io,132
osp.od.nih.gov,15
othersociologist.com,3
ourworldindata.org,12
outbreaknewstoday.com,3
ovarianresearch.biomedcentral.com,6
oversight.house.gov,1
oxfordmedicine.com,3
p1981thompson.github.io,4
pa1.narvii.com,2
pakacademicsearch.com,30
pakbs.org,3
pan.baidu.com,11
papas.cochrane.org,5
paperity.org,3
papers.nips.cc,4
papers.ssrn.com,20
parasitesandvectors.biomedcentral.com,6
pasko.pietroavogadro.com,3
pastebin.com,7
pasteboard.co,6
patentimages.storage.googleapis.com,18
patents.google.com,50
patents.justia.com,5
patentscope.wipo.int,18
patrickmathew.blogspot.co.uk,2
patrickmatthewproject.wordpress.com,6
pauillac.inria.fr,3
paulklein.ca,3
pbs.twimg.com,50
pd.chem.ucl.ac.uk,2
pdb-redo.eu,2
pdfs.semanticscholar.org,8
pdos.csail.mit.edu,105
pec.sagepub.com,6
pediatrics.aappublications.org,10
peer-reviewedjournals.com,6
peer.asee.org,2
peeriodicals.com,11
"peeriodicals.com""",1
peeriodicals.com<,1
peerj.com,64
pelagiaresearchlibrary.com,3
pen.sagepub.com,3
penninstituteonaging.wordpress.com,3
people.brandeis.edu,4
people.cs.bris.ac.uk,2
people.f4.htw-berlin.de,54
people.isy.liu.se,3
people.ucalgary.ca,3
permanent.access.gpo.gov,1
persuasivemark.blogspot.be,3
pesc06.org,6
pfam.xfam.org,4
pgibertie.files.wordpress.com,2
pharmacologyonline.silae.it,21
pharmns.med.uky.edu,2
phenome.jax.org,5
philpapers.org,3
phosphatome.net,3
phys.org,3
physicsfocus.org,45
physicsworld.com,1
pictub.club,18
pilab.psy.utexas.edu,2
pipeline.corante.com,38
pituitary.org,18
plagiarism.repec.org,3
plagiarismkarlik.files.wordpress.com,15
plantcelledboard.weebly.com,3
plantgenomics.snu.ac.kr,2
plantrna.ibmp.cnrs.fr,2
"PlantRNA.ibmp.cnrs.fr""",1
"PlantRNA.ibmp.cnrs.fr"">http",1
PlantRNA.ibmp.cnrs.fr<,1
platform.twitter.com,1
plato.stanford.edu,6
pluripotentstemcelltechnology.weebly.com,6
plus.google.com,6
pmb.berkeley.edu,3
pneumonia.biomedcentral.com,1
pocketknowledge.tc.columbia.edu,2
pocrame.com,2
polimath.substack.com,2
ponce.sdsu.edu,4
popehat.com,3
portal.dnb.de,2
portal.gdc.cancer.gov,6
portal.issn.org,1
portal.ncdenr.org,3
portal.uspto.gov,2
portals.broadinstitute.org,4
portlandpress.com,82
postimg.cc,2
postimg.org,264
poynder.blogspot.com,2
poynter.indiana.edu,3
ppj.phypha.ir,4
practicalfmri.blogspot.com,2
prairiestopatchreefs.wordpress.com,2
precisionmethods.guru,1
predatoryjournals.com,4
prensamedica.com.ar,1
press.endocrine.org,39
press.princeton.edu,3
press.uchicago.edu,3
prevention.cancer.gov,2
pri-albany.org,3
priceonomics.com,6
pritchardlab.stanford.edu,3
proceedings.neurips.cc,2
prof77.wordpress.com,3
professional.diabetes.org,6
profgrant.com,3
profiles.nlm.nih.gov,3
profiles.ucsd.edu,45
profsite.um.ac.ir,3
progenabiome.com,32
projecteuclid.org,19
projectreporter.nih.gov,15
projects.iq.harvard.edu,3
projects.propublica.org,6
promedmail.org,12
"prometheus.io""",1
prometheus.io<,1
propastinteingecije.files.wordpress.com,3
propastinteingecije.wordpress.com,2
prospect.rsc.org,3
prostatecanceruk.org,2
protocolexchange.researchsquare.com,2
provost.asu.edu,2
psmag.com,4
psnively.github.io,9
pspb.ieee.org,2
pss.sagepub.com,3
psyarxiv.com,74
psych-networks.com,1
psychclassics.yorku.ca,1
psychosystems.org,2
psycnet.apa.org,34
ptps.oxfordjournals.org,3
pu.edu.pk,6
pubchem.ncbi.nlm.nih.gov,8
publicationethics.org,379
publications.mpi-cbg.de,3
publications.tnsosfiles.com,9
publishingsupport.iopscience.iop.org,4
publons.com,37
"publons.com""",1
"publons.com"">https",1
publons.com<,1
pubmed.ncbi.nlm.nih.gov,503
pubmedcentralcanada.ca,12
pubmedcommonsblog.ncbi.nlm.nih.gov,1
pubpeer.com,106290
pubpeer.org,1
pubpeer.uservoice.com,3
pubs.acs.org,422
pubs.aic.ca,264
pubs.asha.org,2
pubs.lib.umn.edu,2
pubs.rsc.org,156
pubs.sciepub.com,4
pubs.usgs.gov,12
pure.ilvo.vlaanderen.be,6
pure.royalholloway.ac.uk,2
pure.uva.nl,2
purl.utwente.nl,2
pyrophosphorylation.wordpress.com,3
qr.ae,2
quantpalaeo.wordpress.com,9
quantummechanics.mchmultimedia.com,3
questioncopyright.org,3
quillette.com,3
quimicanova.sbq.org.br,3
qz.com,1
rabett.blogspot.nl,3
radar.auctr.edu,1
radiation-japan.info,3
radio.wosu.org,7
radiologykey.com,2
raphazlab.files.wordpress.com,36
"raphazlab.wordpre""",4
"raphazlab.wordpre"">https",4
raphazlab.wordpre<,4
raphazlab.wordpress.com,316
raphazlabcommons.wordpress.com,3
rapidreviewscovid19.mitpress.mit.edu,2
rasayanjournal.co.in,6
rationalqm.us,6
rbej.biomedcentral.com,4
rcm.imrpress.com,1
rd.springer.com,12
rdcu.be,8
reader.elsevier.com,2
reason.com,3
redishlab.neuroscience.umn.edu,1
reec.aemps.es,1
referee3.org,4
regmedgrant.ksma.ru,2
regulations.ufl.edu,1
rejectedpostsofdmayo.com,3
reliefweb.int,5
remotesensing.spiedigitallibrary.org,3
replicationindex.com,48
replicationindex.wordpress.com,9
repositorio.bib.upct.es,3
repositorio.ufsc.br,2
repositorio.unesp.br,3
repository.arizona.edu,2
repository.edulll.gr,2
repository.ias.ac.in,2
repository.library.brown.edu,9
repository.ncku.edu.tw,2
repository.um.edu.my,24
repository.up.ac.za,12
repozytorium.amu.edu.pl,2
res.mdpi.com,2
"rescience.github.io""",1
rescience.org,2
research-office.epfl.ch,1
research.bwhanesthesia.org,9
research.ekmd.huji.ac.il,3
research.fhcrc.org,1
research.iaun.ac.ir,10
research.jax.org,3
research.libraries.wsu.edu,3
research.microsoft.com,3
research.uncc.edu,1
research.utk.edu,3
research.vu.nl,2
researchcouncil.utk.edu,1
researchers.uq.edu.au,3
researchgate.net,4
researchintegrityjournal.biomedcentral.com,6
resource-cms.springernature.com,4
"resources.maxwellrender.com""",1
"resources.maxwellrender.com"">http",1
resources.maxwellrender.com<,1
resources.rndsystems.com,5
respectfulinsolence.com,8
respiratory-research.biomedcentral.com,4
respiratory-research.com,3
retractiondatabase.org,34
retractionwatch.com,4258
"retractionwatch.com""",1
"retractionwatch.com"">http",1
retractionwatch.com<,1
retractionwatch.files.wordpress.com,3
retractionwatch.wordpress.com,102
retrovirology.biomedcentral.com,3
reunioes.sbpcnet.org.br,2
reutersinstitute.politics.ox.ac.uk,2
"revbayes.github.io""",1
reverent.org,8
revistageintec.net,2
revistas.inia.es,21
revistas.ufpr.br,1
revistas.um.es,9
rfs.oxfordjournals.org,3
rhesus.amu.edu.pl,3
rheumatology.oxfordjournals.org,3
riotscience.co.uk,2
ripe-tomato.org,4
riunet.upv.es,12
riviste.unimi.it,4
rjlipton.wordpress.com,1
rm.coe.int,4
rmarkdown.rstudio.com,3
rmchapple.blogspot.de,2
rmchapple.blogspot.fr,2
rmets.onlinelibrary.wiley.com,4
rmf.smf.mx,2
rnajournal.cshlp.org,9
robjhyndman.com,4
robots.iopscience.iop.org,2
rodutobaccotruth.blogspot.com,4
rogerpielkejr.substack.com,2
rolfoundation.org,2
rolfzwaan.blogspot.nl,3
romainbrette.fr,2
rougeole-epidemiologie.overblog.com,2
royalsocietypublishing.org,43
rpubs.com,306
rrresearch.fieldofscience.com,6
rs.yiigle.com,1
rsbl.royalsocietypublishing.org,12
rsos.royalsocietypublishing.org,15
rspb.royalsocietypublishing.org,18
rstb.royalsocietypublishing.org,9
rtcweb.rtc.riken.jp,3
rubenarslan.github.io,2
rugth30.phys.rug.nl,3
ruidera.uclm.es,3
rupress.org,6
russcrowley.com,4
russellwarne.com,2
rxn.res.ibm.com,2
rxnm.wordpress.com,3
s.imgur.com,1
"s.osf.io""",7
s01.geekpic.net,3
s10.postimg.org,27
s11.postimg.org,3
s12.postimg.org,3
s13.postimg.org,30
s14.postimg.org,9
s15.postimg.org,51
s16.postimg.org,3
s17.postimg.org,3
s18.postimg.org,33
s21.postimg.org,3
s22.postimg.org,3
s23.postimg.org,6
s24.postimg.org,9
s27.postimg.org,18
s28.postimg.org,18
s29.postimg.org,6
s3.postimg.org,3
s7.postimg.org,3
s8.postimg.org,18
sabcs17.posterview.com,4
sachaepskamp.com,1
saco.csic.es,2
saemobilus.sae.org,2
saisei-mirai.or.jp,1
salimetrics.com,2
samoa-project.net,1
sanchakblog.wordpress.com,49
sandwalk.blogspot.ca,1
sankei.jp.msn.com,3
sanquindigests.wordpress.com,3
satoriproject.eu,1
sbp-brims.org,1
sbseminar.wordpress.com,3
scaleresearch.siu.edu,3
"scansite3.mit.edu""",1
scansite3.mit.edu<,1
scholar.google.ca,3
scholar.google.co.in,2
scholar.google.co.uk,17
scholar.google.com,93
scholar.google.com.au,3
scholar.google.com.pk,9
scholar.google.es,11
scholar.google.fr,6
scholar.google.hu,3
scholar.googleusercontent.com,3
scholar.harvard.edu,2
scholarlykitchen.sspnet.org,21
scholarlykitchen.sspnet.org.sci-hub.cc,3
scholarlyoa.com,367
scholarlyoa.files.wordpress.com.secure.sci-hub.cc,3
scholarlyperio.wordpress.com,2
scholars.cityu.edu.hk,2
scholars.opb.msu.edu,3
scholarsbank.uoregon.edu,3
scholarsresearchlibrary.com,3
scholarworks.iu.edu,4
scholarworks.umass.edu,2
sci-hub.bz,3
sci-hub.st,2
sci-hub.tw,6
scialert.net,185
scibase.co,4
"scibase.co""",1
scicrunch.org,2
scielo.conicyt.cl,2
science.sciencemag.org,154
science.sciencemag.org.sri.idm.oclc.org,1
science.slashdot.org,3
science.thewire.in,2
scienceandtechnology.jpl.nasa.gov,2
sciencebasedmedicine.org,31
scienceblog.cancerresearchuk.org,3
scienceblogs.com,65
scienceblogs.de,3
sciencecareers.sciencemag.org,3
sciencedomain.org,30
scienceimageintegrity.org,12
scienceintegritydigest.com,1312
scienceintegritydigest.files.wordpress.com,6
sciencemishandled.wordpress.com,3
scienceofhumanpotential.files.wordpress.com,3
scienceq.org,12
scienceretractions.wordpress.com,6
sciences.blogs.liberation.fr,3
sciendo.com,1
scientific-publishing.webshop.elsevier.com,1
scientistabe.wordpress.com,4
scientopia.org,6
scigendetection.imag.fr,2
scinquisitor.livejournal.com,2
scitation.aip.org,24
sco.h-its.org,5
scripts.iucr.org,110
scu.edu.au,3
seanharrisonblog.com,2
search.cosmobio.co.jp,2
search.nsf.gov,2
search.proquest.com,7
"sebschroen.github.io""",1
secondworldwar.co.uk,2
secure.avaaz.org,3
secure.jbs.elsevierhealth.com,2
send.firefox.com,2
serbiosoc.org.rs,6
serialmentor.com,3
serials.unibo.it,2
sersc.org,9
"sersc.org""",1
sersc.org<,1
service.salzburg.gv.at,3
service.tartaglialab.com,4
sfamjournals.onlinelibrary.wiley.com,1
sfari.org,6
sfrrj.umin.jp,6
shark.lib.kagawa-u.ac.jp,12
shashj199.shinyapps.io,2
shell.cas.usf.edu,3
shenglin.blog.nctu.edu.tw,2
shiokmeats.com,2
shitmyreviewerssay.tumblr.com,3
shodhganga.inflibnet.ac.in,27
simplystatistics.org,3
singmann.org,2
sistemas.uft.edu.br,4
sites.google.com,23
sites.psu.edu,2
sk-sahoo.blogspot.com,15
skeletalmusclejournal.biomedcentral.com,2
skeptoid.com,3
skeptvet.com,3
skill-lync.com,2
slashdot.org,3
slatestarcodex.com,5
slideplayer.com,1
slimemoldtimemold.com,2
slma.lk,2
smartech.gatech.edu,1
smw.ch,3
snag.gy,6
so06.tci-thaijo.org,2
socialbat.org,3
socscistatistics.com,2
software.broadinstitute.org,2
solidarites-sante.gouv.fr,3
sommerlab.org,3
"somwiki.pbworks.com""",1
somwiki.pbworks.com<,1
sos-ch-dk-2.exo.io,1
soterixmedical.com,4
soundcloud.com,2
spectrum.ieee.org,3
sphinxsai.com,6
sphweb.bumc.bu.edu,3
spie.org,10
spo.escardio.org,3
springerplus.springeropen.com,4
spts.jpn.com,9
srmo.sagepub.com,3
srtm.csi.cgiar.org,2
stackexchange.com,3
stackoverflow.com,2
staff.emu.edu.tr,2
staff.psu.edu.eg,2
stapcell.blogspot.com,9
stapcells.blogspot.com,12
stapcells.blogspot.jp,6
stapcells.up.seesaa.net,27
statcheck.io,4
"statcheck.io""",1
"statcheck.io"">http",1
statcheck.io<,1
static-content.springer.com,13
static.lemediatv.fr,2
static.springer.com,7
stationq.cnsi.ucsb.edu,3
statistics.laerd.com,3
statisticsbyjim.com,2
statisticscafe.blogspot.com,3
statmodeling.stat.columbia.edu,37
statpages.org,3
stats.idre.ucla.edu,4
stats.stackexchange.com,6
steamtraen.blogspot.co.uk,3
steamtraen.blogspot.com,65
steamtraen.blogspot.fr,8
steamtraen.blogspot.nl,19
stemcellres.biomedcentral.com,4
stemcells.nih.gov,3
stemcellsjournals.onlinelibrary.wiley.com,3
stke.sciencemag.org,19
stm.sciencemag.org,9
storage.googleapis.com,4
storify.com,6
strobe.colorado.edu,2
studylib.net,1
subject.med.wanfangdata.com.cn,2
subsaga.com,2
sunmil.epfl.ch,1
superrecognizer.wordpress.com,6
supfam.cs.bris.ac.uk,3
support.10xgenomics.com,2
support.sas.com,3
supporters.eff.org,3
surgery.medschl.cam.ac.uk,12
sustainablefisheries-uw.org,2
sverigesradio.se,3
svn.gna.org,5
swissnanopore.ch,3
sydney.edu.au,3
sylvaindeville.net,3
synlethdb.sist.shanghaitech.edu.cn,3
systatsoftware.com,2
systematicreviewsjournal.biomedcentral.com,2
t.co,29
t.email.ab-mart.com,2
tab.computer.org,2
"tabby.vision.mcgill.ca""",1
"tabby.vision.mcgill.ca"">http",1
tabby.vision.mcgill.ca<,1
tabnet.datasus.gov.br,3
tai2.ntu.edu.tw,3
tallbloke.wordpress.com,3
tanaiscience.blogspot.com,1
tangledwoof.wordpress.com,3
tapchi.vnua.edu.vn,4
tarabiosystems.com,4
tattooimages.biz,2
"tcoa.cpu.edu.cn""",1
tcoa.cpu.edu.cn<,1
tcrjournals.com,6
techmaniapress.blogspot.com,2
techrights.org,2
techxplore.com,1
tel.archives-ouvertes.fr,4
telescoper.files.wordpress.com,12
telescoper.wordpress.com,9
tenureshewrote.wordpress.com,2
test.omb.one,2
text.npr.org,1
textbookofbacteriology.net,2
teziran.org,10
thatsmathematics.com,1
the-wanderling.com,3
theacse.com,6
thearabhospital.com,2
thebaffler.com,2
thecaninereview.com,2
theconversation.com,16
thecostofknowledge.com,18
theerrorbar.com,88
theintercept.com,6
thelancet.com,3
themadvirologist.blogspot.co.uk,3
themoth.org,2
thenode.biologists.com,2
theoncologist.alphamedpress.org,11
thepenngazette.com,3
theprint.in,3
therestisscience.blogspot.com,2
theropoddatabase.blogspot.com,3
thesciencebit.net,4
thescipub.com,4
thesis.ekt.gr,4
thesiswhisperer.com,3
thewinnower.com,3
thewire.in,4
thezman.com,3
"thielelab.eu""",1
thielelab.eu<,1
thomasleeper.com,3
threadreaderapp.com,4
threatpost.com,2
throughthepuzzle.com,3
tickle.utk.edu,2
tidierguide.org,2
time.com,6
timesofindia.indiatimes.com,8
"timestorm.eu)""",1
timestorm.eu)<,1
tiny.cc,6
tinypic.com,12
tinyurl.com,46
tjpr.org,7
tjprc.org,18
tkaiser.science,2
tmdu-kawakami.blogspot.com,6
"tms-smart.info""",1
tms-smart.info<,1
tobacco.ucsf.edu,4
tobaccocontrol.bmj.com,7
tobaccotactics.org,6
toc.proceedings.com,2
todayscircuits.wordpress.com,2
ton.twitter.com,8
tools.thermofisher.com,2
topcons.cbr.su.se,3
topeliatherapeutics.com,16
towardsdatascience.com,8
toxnet.nlm.nih.gov,3
toxsci.oxfordjournals.org,3
tpc.msubmit.net,3
trace.ddbj.nig.ac.jp,3
trace.ncbi.nlm.nih.gov,3
trace.tennessee.edu,4
training.cochrane.org,4
transducer-research-foundation.org,4
translate.google.co.uk,3
translational-medicine.biomedcentral.com,13
trid.trb.org,2
troindia.in,3
tropmedplants.com,15
trove.nla.gov.au,2
tru.uni-sz.bg,3
truthaboutuniversalmedicine.com,1
tuoitre.vn,2
turvallinenvalinta.fi,4
twitter.com,1388
twu-pathology.blogspot.com,3
twu.edu,2
"ualcan.path.uab.edu""",1
ualcan.path.uab.edu<,1
ucscbrowser.genenetwork.org,3
udn.com,6
ugcdskpdf.unipune.ernet.in,2
uk.news.yahoo.com,3
umr-ipme.ird.fr,2
uncdukefallcamp.web.unc.edu,2
undark.org,6
unherd.com,3
unice.fr,3
unicourt.com,4
unidirectory.auckland.ac.nz,3
universityofpatanjali.com,2
upload.wikimedia.org,8
uploads0.wikiart.org,2
ursa.research.gsu.edu,8
us.123rf.com,6
usacac.army.mil,1
usclivar.org,2
utcan.ut.ac.ir,6
utswmed-ir.tdl.org,2
uzspace.uzulu.ac.za,3
v.web.umkc.edu,3
validation.scienceexchange.com,2
vassarstats.net,6
vcipl-okstate.org,3
vcq.quantum.at,3
vcr.ucla.edu,9
veja.abril.com.br,2
vetdoc.vu-wien.ac.at,3
via.hypothes.is,3
videocast.nih.gov,15
videosift.com,2
vimeo.com,1
vir.sgmjournals.org,12
viralzone.expasy.org,2
virological.org,8
virologydownunder.com,2
virologyj.biomedcentral.com,5
visiome.neuroinf.jp,3
vitals.nbcnews.com,3
vixra.org,44
viXra.org,3
vjas.vnua.edu.vn,2
voices.nationalgeographic.com,12
voices.uchicago.edu,2
volgenau.gmu.edu,6
vpr-norman.ou.edu,2
vsnu.nl,2
vtc.vn,2
vtechworks.lib.vt.edu,3
vu.nl,8
wame.org,2
waset.org,3
waterjournal.org,2
watermark.silverchair.com,1
wavegenetics.org,2
weatherspark.com,2
web-beta.archive.org,3
web.archive.org,654
web.engr.oregonstate.edu,1
web.expasy.org,60
web.malab.cn,3
web.mit.edu,1
web.physics.ucsb.edu,1
web.stanford.edu,10
web.vims.edu,2
web2.mendelu.cz,4
webbook.nist.gov,2
webcache.googleusercontent.com,10
"webofplagiarism.blogspot.com""",1
"webofplagiarism.blogspot.com"">https",1
webofplagiarism.blogspot.com<,1
webshop.elsevier.com,6
webzoom.freewebs.com,6
weedcontrolfreaks.com,6
weibo.com,2
well.blogs.nytimes.com,3
wellcome.ac.uk,2
wellcome.org,6
wellcomeopenresearch.org,4
whc.unesco.org,2
who.int,4
wholefoodsmagazine.com,2
whova.com,2
whyevolutionistrue.com,2
whyevolutionistrue.wordpress.com,14
wildlife.onlinelibrary.wiley.com,2
"wileyonlinelibrary.com""",7
"wileyonlinelibrary.com"">http",2
wileyonlinelibrary.com<,7
wireless.engineering.nyu.edu,2
wis-wander.weizmann.ac.il,6
wjarr.com,2
wjso.biomedcentral.com,4
wmbriggs.com,3
wondermark.com,3
worldadc-europe.com,2
worldscientific.com,1
worldwide.espacenet.com,8
wp.me,12
wpcarey.asu.edu,3
wpicr.wpic.pitt.edu,6
wrd.cm,3
writingexplained.org,2
ww2.odu.edu,2
wwmw.academicjournals.org,3
www-geodyn.mit.edu,1
www-large-area-electronics.eng.cam.ac.uk,2
www-ncbi-nlm-nih-gov.ezproxy.library.tamu.edu,2
www-ncbi-nlm-nih-gov.ezproxy.nihlibrary.nih.gov,6
www-psychology.concordia.ca,6
www-pub.iaea.org,2
www-sciencedirect-com.manchester.idm.oclc.org,2
www-users.cse.umn.edu,2
www.123rf.com,1
www.2006sharingsolutions.com,1
www.312000.net,1
www.3quarksdaily.com,6
www.4shared.com,5
www.aaai.org,5
www.aaas.org,4
www.aacr.org,5
www.aad.org,3
www.aanda.org,6
www.aao.org,1
www.aap.com.au,2
www.aappublications.org,3
www.aatbio.com,3
"www.ab-mart.com""",1
www.ab-mart.com<,1
www.abacademies.org,2
www.abap.co.in,15
www.abc.net.au,12
www.abcam.cn,4
www.abcam.com,41
www.aber.ac.uk,4
www.abingworth.com,4
www.abiroh.com,2
www.abms.org,2
www.abrii.ac.ir,3
www.academia.edu,69
www.academicjournals.org,234
www.acadsci.fi,1
www.acap-cf.info,2
www.accessdata.fda.gov,5
www.acharya.ac.in,3
www.aclu.org,48
www.acpjournals.org,4
www.acs.org,2
www.actabp.pl,3
www.actahort.org,414
"www.actapress.com""",1
www.actapress.com<,1
www.actascientific.com,2
www.actbeyondtrust.org,9
www.addgene.org,12
www.adsa.org,1
www.advalvas.vu.nl,14
www.advancednonlinearstudies.com,6
www.aeaweb.org,25
www.aegisdentalnetwork.com,2
www.aensiweb.com,3
www.aerzteblatt.de,15
www.af.mil,2
www.ag.kagawa-u.ac.jp,12
www.ageofautism.com,1
www.aging-us.com,8
www.agr.gc.ca,27
www.agrivivo.net,3
www.ahajournals.org,33
www.ahjonline.com,1
www.ahus.no,4
www.ai-online.info,1
www.aidstruth.org,3
www.aidsvaxwebcasts.org,3
www.airc.it,3
www.ajbasweb.com,3
www.ajcr.us,10
www.aje.com,2
www.ajicjournal.org,6
www.ajol.info,27
www.ajtmh.org,9
www.ajtr.org,6
www.akademiai.com,21
www.akademikerverband.at,3
www.alfa-chemistry.com,2
www.algorithmicfinance.org,1
www.alliedacademies.org,5
www.alltrials.net,6
www.als-journal.com,21
www.altex.ch,3
www.altmetric.com,4
www.alzforum.org,8
www.amazon.co.uk,6
www.amazon.com,36
www.amazon.de,2
www.ambtbilisi.esteri.it,3
www.americanjournalofsurgery.com,2
www.americanthinker.com,9
www.ametsoc.org,1
www.amicogasgen.com,2
www.amjmed.com,4
www.amnesty.org,2
www.ams.org,6
www.amse.org.cn,1
www.amstat.org,6
www.amu.ac.in,12
www.anakarder.com,12
www.annemergmed.com,21
www.annexpublishers.com,2
www.annualreviews.org,11
www.anonimg.com,9
www.anony.ws,57
www.anopticalillusion.com,1
www.ans.org,4
www.ansci.cornell.edu,3
www.anses.fr,3
www.ansinet.com,3
www.antibodypedia.com,6
www.antigifcentrum.be,2
www.antivaccinebodycount.com,3
www.antwiki.org,3
www.aomrc.org.uk,2
www.apa.org,1
www.ape2018.eu,2
www.aphysrev.org,3
www.apmnews.com,8
www.apotheke-adhoc.de,2
www.apsnet.org,3
www.arabidopsis.org,1
"www.arabidopsis.org""",1
"www.arabidopsis.org"">http",1
www.arabidopsis.org<,1
www.arduino.cc,4
www.arib.or.jp,3
www.arjournals.org,3
www.arnoldfoundation.org,7
www.arthroscopyjournal.org,2
www.asahi.com,5
www.asbmb.org,22
www.ascb.org,3
www.asepelt.org,2
www.asm.org,2
www.asme.org,4
www.aspbs.com,3
www.astm.org,2
www.asu.edu,2
www.asx.com.au,4
www.atcc.org,33
www.athena.biblioteca.unesp.br,6
www.atherosclerosis-journal.com,2
www.athira.com,2
www.athleteinme.com,2
www.atmos-chem-phys.net,12
www.atmos-chem-phys.org,3
www.atpsynthase.info,2
www.ats.ucla.edu,111
www.atsjournals.org,40
www.auajournals.org,4
www.austinchronicle.com,6
www.australianparadox.com,3
www.authorea.com,2
www.autisminvestigated.com,6
www.autospeed.com,2
www.avma.org,15
www.aydenjacobmedicine.com,6
www.baader-planetarium.de,3
www.bailii.org,3
www.baltimoresun.com,3
www.banglajol.info,112
www.baptcb.org,21
www.basapa.org,1
www.bbc.co.uk,16
www.bbc.com,8
www.bbemg.be,3
www.bbk.ac.uk,9
www.bcm.edu,3
www.bcs.com,3
www.bdbiosciences.com,2
www.be-md.ncbi.nlm.nih.gov,12
"www.beast2.org""",1
www.beerlab.org,3
www.beilstein-journals.org,12
www.berkeleybop.org,3
www.bestthinking.com,6
www.bethyl.com,9
www.beyotime.com,2
www.bfgc.co.uk,3
www.bhu.ac.in,6
www.bib.umontreal.ca,3
www.bidmc.org,3
www.bildblog.de,3
www.bimbima.com,2
www.bing.com,2
www.bio-rad-antibodies.com,2
www.bio-rad.com,9
www.bio.ucalgary.ca,12
www.bio.umass.edu,3
www.biocat.com,2
www.biochemist.org,3
www.biochemj.org,43
www.biocompare.com,2
www.bioconductor.org,9
www.biolegend.com,3
www.biolifesas.org,11
www.bioline.org.br,2
www.biology-online.org,2
www.biolreprod.org,30
www.biomedcentral.com,125
www.biomedicineonline.org,15
www.biorxiv.org,242
www.bioscience.org,2
www.biosciencediscovery.com,3
www.biosciencetechnology.com,3
www.biosemi.com,2
www.biospace.com,3
www.biostars.org,2
www.biotechexpressmag.com,2
www.biotechniques.com,3
www.biotechnologia-journal.org,2
www.bioventusglobal.com,2
www.birdforum.net,2
www.birdlife.org,6
www.birpublications.org,6
www.bizjournals.com,10
www.bjanaesthesia.org,20
www.bjbms.org,2
www.bjs.co.uk,9
www.bloodjournal.org,74
www.bloomberg.com,8
www.bloombergview.com,3
www.bls.gov,2
www.bmartin.cc,18
www.bmb.leeds.ac.uk,5
www.bmj.com,194
www.bmrb.wisc.edu,3
www.boatdesign.net,2
www.boston.va.gov,3
www.bostonherald.com,3
www.brainrnaseq.org,2
www.brainstimjrnl.com,3
www.bravousa.com,1
www.breast-cancer-research.com,3
www.breastcentre.manchester.ac.uk,3
www.brianwansink.com,15
www.brinknews.com,1
www.bristol.ac.uk,9
www.britannica.com,2
www.britishbirds.co.uk,9
www.broadinstitute.org,5
www.brown.edu,4
www.brownalumnimagazine.com,3
www.brownwalker.com,9
www.brynmawr.edu,2
www.bu.edu,6
www.bucknell.edu,2
www.bundesgesundheitsministerium.de,1
www.bunken.org,3
www.business-standard.com,5
www.business.qld.gov.au,3
www.businessinsider.com,8
www.businessinsider.de,2
www.businesswire.com,2
www.buyadderall30mg.com,3
www.buzzfeed.com,2
www.buzzfeednews.com,25
www.bvl.bund.de,2
www.bzga.de,3
www.cabdirect.org,25
www.cadernosdedereitoactual.es,2
www.cairn-int.info,2
www.cairn.info,4
www.caltech.edu,3
www.cambia.org,12
www.cambridge.org,13
www.cambridgecancercentre.org.uk,3
www.cancer.gov,7
www.cancer.ie,3
www.cancer.org,8
www.cancerci.com,3
www.cancerguide.org,3
www.cancerletter.com,3
www.cancerletters.info,3
www.cancerresearchuk.org,14
www.canlii.org,11
www.capes.gov.br,1
www.carbonbrief.org,4
www.carcinogenesis.com,3
www.cardiobrief.org,6
www.carebaba.com,3
www.careinfo.in,3
www.carmenreinhart.com,3
www.caslab.com,3
www.cassavasciences.com,6
www.castlebiosciences.com,3
www.catalannewsagency.com,3
www.cbc.ca,28
www.ccac.ca,12
www.ccdc.cam.ac.uk,20
www.cce-review.org,2
www.ccjm.org,1
www.ccny.cuny.edu,4
www.ccsenet.org,12
www.cct.cuhk.edu.hk,2
www.cdb.riken.jp,3
www.cdc.gov,18
"www.cdc.gov""",1
www.cdc.gov<,1
www.cds.caltech.edu,3
www.cebm.net,6
www.ceisp.com,2
www.celixir.com,2
www.cell-research.com,6
www.cell.com,808
www.cellmolbiol.com,3
www.cellphysiolbiochem.com,174
www.cellsignal.com,7
www.cellviewer.eu,4
www.census.gov,2
www.cerebromente.org.br,3
www.charitycommission.gov.uk,3
www.charitynavigator.org,2
www.check-plagiarism.com,2
www.chem.science.unideb.hu,3
www.chem.ucla.edu,3
www.chemeurope.com,3
www.chemicalbook.com,2
www.chemistry-blog.com,5
www.chemistry.uoguelph.ca,3
www.chemistryworld.com,5
www.chicagotribune.com,3
www.chictr.org.cn,16
www.chinacdc.cn,2
www.chinadaily.com.cn,2
www.chinapost.com.tw,9
"www.chinets.com""",1
www.chinets.com<,1
www.chm.uri.edu,2
www.chronicle.com,9
www.cia.gov,2
www.ciber-research.eu,2
www.cidrap.umn.edu,6
www.cioms.ch,3
www.circare.org,5
www.circbase.org,1
www.circuitstoday.com,3
www.citizen.org,3
www.cityofhope.org,3
www.cla.purdue.edu,2
www.cleverfiles.com,3
www.climate-lab-book.ac.uk,12
www.clinchem.org,3
www.clinfo.eu,2
www.clinicaladvisor.com,3
www.clinicalepigeneticsjournal.com,3
www.clinicalmicrobiologyandinfection.com,16
www.clinicaltrials.gov,11
"www.clinicaltrials.gov""",1
"www.clinicaltrials.gov"">http",1
www.clinicaltrials.gov<,1
www.clinicaltrialsregister.eu,10
www.clivebates.com,5
www.cmj.hr,18
www.cmu.edu,2
www.cnbc.com,12
www.cnil.fr,4
www.cnio.es,9
www.cnki.net,6
www.cnn.com,11
www.cns-snc.ca,2
www.cns.nyu.edu,8
"www.coalition-s.org""",1
www.coalition-s.org<,1
www.cochranelibrary.com,10
www.coe.ufrj.br,1
www.cognosci.com,3
www.colinst.com,2
www.collegiumramazzini.org,3
www.collinsdictionary.com,3
www.combinatorics.org,3
www.commissielevelt.nl,2
www.congress.gov,1
www.conservativewoman.co.uk,3
www.consort-statement.org,11
www.control.hut.fi,2
www.controlled-trials.com,3
www.copyright.gov,3
www.copyrightservice.co.uk,3
www.copyscape.com,3
www.coriell.org,2
www.corriere.it,3
www.councilscienceeditors.org,6
www.counsel-toronto.com,2
www.counterpunch.org,1
www.courthousenews.com,6
www.courtlistener.com,1
www.covid-datascience.com,2
www.covidtrial.io,2
www.coyneoftherealm.com,2
www.cpib.ac.uk,6
www.cpp-sudmed2.fr,5
www.cps.gov.uk,3
www.creative-biogene.com,2
www.creativebiomart.net,1
www.criigen.org,3
www.crikey.com.au,3
www.cristal.org,4
www.criver.com,2
www.cro-m.eu,2
www.cropj.com,33
www.crossref.org,5
www.crowdcast.io,2
www.cryoletters.org,18
www.cryst.chem.uu.nl,3
www.crystalgeyserasw.com,3
www.crystallography.net,3
www.cs.cmu.edu,3
www.cs.colostate.edu,2
www.cs.ox.ac.uk,4
www.cs.unc.edu,4
www.cse.msu.edu,4
www.cse.ust.hk,6
www.csicop.org,3
www.csiro.au,3
www.csoonline.com,2
www.ctvnews.ca,15
www.cureus.com,18
www.currentscience.ac.in,45
www.cv-foundation.org,2
www.cvrl.org,1
www.cybercom.net,3
www.cytivalifesciences.com,1
www.daff.qld.gov.au,3
www.dagensmedicin.se,2
www.dailymail.co.uk,19
www.dailymaverick.co.za,2
www.dailysabah.com,3
www.damascuscitizensforsustainability.org,1
www.dancing-peasants.com,6
www.danielnettle.org.uk,4
www.danielsoper.com,3
www.dar.emory.edu,2
www.dartmouth.edu,6
www.dasaspa.com,1
www.davidpublisher.org,2
www.davidworlock.com,2
www.dcscience.net,60
www.deadiversion.usdoj.gov,2
www.debretts.com,3
www.deccanherald.com,3
www.deepdyve.com,2
www.degruyter.com,42
www.dei.unipd.it,2
www.depts.ttu.edu,3
www.designweek.co.uk,3
www.desu.edu,3
www.deutsche-digitale-bibliothek.de,1
www.dfg.de,6
www.dfhcc.harvard.edu,3
www.dgdr.cnrs.fr,3
www.dgswy.com,1
www.di.ens.fr,1
www.diabetesresearchclinicalpractice.com,2
www.diabetologia-journal.org,6
www.diagnosisnet.com,6
www.diagnosticpathology.org,12
www.dianakwon.com,2
www.didaktorika.gr,10
www.digitalpreservation.gov,3
www.dimensions.ai,2
www.dire.it,6
www.disabilityconsultants.org,9
www.discovermagazine.com,6
www.discovery.org.in,15
www.diva-portal.org,3
www.dl.begellhouse.com,3
www.dleps.tech,2
www.dmapr.org.in,3
www.dmi.usherb.ca,1
www.dmsms2005.utcdayton.com,2
www.dnaindia.com,3
www.doc88.com,1
www.docenti.unina.it,6
www.docode.cl,5
www.dodccrp.org,9
www.doi.org,12
www.doiserbia.nb.rs,546
www.dovepress.com,198
www.drchinese.com,3
www.drgeorgesimon.com,36
www.dropbox.com,95
www.drugabuse.gov,2
www.dstretch.com,2
www.dtic.mil,7
www.du.ac.in,9
www.du.edu,2
www.dub.uu.nl,6
www.duchefa-biochemie.com,3
www.duke-nus.edu.sg,18
www.dukechronicle.com,3
www.duo.uio.no,1
www.dyntaxa.se,1
www.e-bmc.co.uk,1
www.e3s-conferences.org,3
www.eano.eu,2
www.easdvirtualmeeting.org,12
www.ease.org.uk,2
www.ebi.ac.uk,75
www.ebioscience.com,3
www.ec.gc.ca,6
www.ecdc.europa.eu,8
www.econ.ku.dk,3
www.econ.ucsb.edu,3
www.economie.gouv.fr,3
www.economist.com,8
www.ecsu.edu,2
www.edgehealth.co.uk,2
www.edn.com,2
www.ee.ethz.ch,9
www.ee.surrey.ac.uk,1
www.efectoled.com,2
www.efns.org,3
www.efsa.europa.eu,3
www.ehealthme.com,2
www.ehn.org,2
www.ejbiotechnology.info,3
www.ejfa.info,6
www.ejfa.me,3
www.ejhs.de,6
www.ejinsight.com,3
www.ejwagenmakers.com,3
www.ekoloji.com.tr,3
www.elconfidencial.com,2
www.electrochemsci.org,2
www.elgaronline.com,2
www.elitechgroup.com,2
www.elsevier.com,183
www.elseviergrandchallenge.com,3
www.elysiumhealth.com,2
www.em-a.eu,3
www.ema.europa.eu,4
www.embl.de,3
www.embo.org,12
www.embopress.org,17
www.emdmillipore.com,3
www.emerald.com,4
www.emeraldgrouppublishing.com,1
www.emergency-live.com,6
www.emerj.tjrj.jus.br,2
www.emf-portal.de,48
www.emfacts.com,3
www.emirates247.com,2
www.emlitofnote.com,3
www.endesax.com,2
www.endocrine.org,2
www.energy.gov,2
www.eng.miet.ru,3
www.engadget.com,2
www.engineering.columbia.edu,4
www.englishforum.ch,1
www.ensaco.net,3
www.ensembl.org,9
www.entreprendre.fr,2
www.enveurope.com,3
www.enzolifesciences.com,7
www.eolss.net,4
www.epa.gov,12
www.epj-conferences.org,4
www.epn.se,11
"www.errorlevelanalysis.com""",1
"www.errorlevelanalysis.com"">http",1
www.errorlevelanalysis.com<,1
www.ers.usda.gov,3
www.ersj.org.uk,2
www.ersnet.org,2
www.es9e.com,2
www.esciencecentral.org,9
www.escienceediting.org,3
www.esf.org,15
www.eso.org,2
www.esri.com,2
www.essence.com,2
www.ethikrat.org,1
www.ethz.ch,42
www.etilmercurio.com,2
www.ettemalab.org,3
www.eurekalert.org,18
www.eurekaselect.com,10
www.eurjmedres.com,3
www.eurofound.europa.eu,1
www.europarl.europa.eu,1
www.europeanequinelawyers.com,2
www.europeanreview.org,221
www.eurosolar.de,2
www.eurostemcell.org,12
www.eurosurveillance.org,12
www.evanmiller.org,2
www.events.rice.edu,3
www.everydayhealth.com,5
www.examhelpline.in,3
www.examiner.com,3
www.expesicor.com,3
www.explorejournal.com,4
www.exponent.com,3
www.express.co.uk,2
www.facebook.com,16
www.facilities.research.northwestern.edu,3
www.fao.org,3
www.faqs.org,6
www.fasebj.org,199
www.fbs.leeds.ac.uk,3
www.fda.gov,38
www.fdy.tu-darmstadt.de,3
www.febsletters.org,6
www.federalregister.gov,4
www.fedoa.unina.it,4
www.fertstertdialog.com,2
www.fightaging.org,2
www.fil.ion.ucl.ac.uk,1
www.filedropper.com,9
www.filthymonkeymen.com,2
www.fine-trial.net,4
www.fip.org,2
www.firstpost.com,3
www.flemingmethod.com,2
www.flickr.com,1
www.florajournal.com,6
www.focmedsci.com,2
www.folkhalsomyndigheten.se,2
www.folliclethought.com,2
www.forbes.com,16
www.forestrynepal.org,3
www.fqxi.org,6
www.francesoir.fr,6
www.frankpopham.com,2
www.frim.gov.my,3
www.frontiersin.org,183
www.frontiersinzoology.com,6
www.fsdksh.com.al,3
www.fspublishers.org,6
www.ft.com,3
www.fundacioorienta.com,2
www.funduma.ru,1
www.funpecrp.com.br,19
www.future-science.com,3
www.futuremedicine.com,14
www.fuw.edu.pl,3
www.fz-borstel.de,3
www.gamtostyrimai.lt,3
www.gao.gov,1
www.gartner.com,2
www.gastrojournal.org,13
www.gaussian.com,3
www.gazette-news.co.uk,2
www.gbtrp.com,27
www.gbv.de,2
www.gdc-docs.ethz.ch,2
www.gdghospital.org.cn,2
www.geekwire.com,2
www.gene-greentk.com,14
www.gene-tools.com,6
www.genecards.org,4
www.genesandcancer.com,2
www.geneticliteracyproject.org,3
www.genetics.org,5
www.geneticsandsociety.org,3
www.geneticsmr.com,26
www.genomebiology.com,3
www.gensight-biologics.com,4
www.geoecotrop.be,4
www.geolsoc.org.uk,3
"www.geometricalgebra.net""",1
"www.geometricalgebra.net"">http",1
www.geometricalgebra.net<,1
www.geonames.org,3
www.gepon.ru,3
"www.GideonOnline.com""",1
"www.GideonOnline.com"">http",1
www.GideonOnline.com<,1
www.gif.org.il,3
www.gigablast.com,3
www.gilson.com,6
www.girci-idf.fr,5
www.globalsciencebooks.info,39
www.globaltimes.cn,1
www.globenewswire.com,3
www.goddek.com,2
www.gofundme.com,5
www.goldbio.com,1
www.goldjournal.net,18
www.google.ca,3
www.google.co.il,18
www.google.co.jp,24
www.google.co.kr,3
www.google.co.uk,4
www.google.com,126
www.gov.scot,3
www.gov.uk,7
www.govinfo.gov,13
www.gp.se,9
www.gpo.gov,3
www.graphpad.com,19
www.gravida.org.nz,2
www.grdjournals.com,2
www.greenelab.com,3
www.greenspec.co.uk,2
www.gsb.stanford.edu,3
www.gtexportal.org,3
www.gunma-u.ac.jp,6
www.gurit.com,4
www.gutsandgore.co.uk,3
www.gwhatchet.com,16
www.h2mw.eu,3
www.hackensackumc.org,3
www.haematologica.org,14
www.hahnemann-gesellschaft.de,1
www.handprint.com,2
www.harpocratesspeaks.com,3
www.hartgroup.org,3
www.hasyy.cn,3
www.hawking.org.uk,1
www.hbdatabase.info,1
www.hdbr.org,4
www.healio.com,7
www.health-data-hub.fr,5
www.health.gov.au,6
www.health.govt.nz,6
www.health.nsw.gov.au,38
www.healthline.com,2
www.healthrising.org,2
www.healthyenergetics.com,3
www.heighpubs.org,2
www.helenezhill.com,9
www.heliconius.org,3
www.helmholtz-muenchen.de,1
www.helpguide.org,1
www.hetzlab.cl,8
www.hgu.mrc.ac.uk,3
www.hilltoplabs.com,2
www.hiltonhawaiianvillage.com,1
www.hindawi.com,228
www.histosearch.com,3
www.hmoob.in,1
www.hnsrmyy.net,2
www.hoajonline.com,6
www.homeopathycanada.com,3
www.honestcommonsense.co.uk,2
www.hongkongfp.com,19
www.hopkinslupus.org,2
www.hort.purdue.edu,6
www.hospitalstar.com,2
www.howtogeek.com,3
www.hpl.hp.com,3
www.hqgraphene.com,2
www.hri-research.org,2
"www.HRI-Research""",1
www.HRI-Research<,1
www.hrpub.org,6
www.hrsa.gov,2
www.hsph.harvard.edu,6
www.htcampus.com,15
www.hubrecht.eu,3
www.huffingtonpost.com,9
www.huffpost.com,2
www.humanbrainmapping.org,2
www.humanbrainproject.eu,10
www.hxkqyxzz.net,1
www.hypnosisalliance.com,3
www.hz2y.com,1
www.iacfsme.org,6
www.iaeme.com,4
www.iajps.com,2
www.iamin.in,3
www.iasted.com,4
www.iavireport.org,3
www.ibama.gov.br,3
www.ibmp.cnrs.fr,2
www.ibric.org,2
www.ibsd.gov.in,15
www.ibtimes.co.uk,3
www.icevirtuallibrary.com,4
www.icip2007org.creditcrunch.org,4
www.icmje.org,54
www.icnirp.org,2
www.icpsr.umich.edu,1
www.icr.ac.uk,2
www.icr.org,3
www.icvt.uni-stuttgart.de,2
www.id-press.eu,12
www.idibell.cat,9
www.idosi.org,18
www.idunn.no,1
www.ieee.org,20
www.iep.utm.edu,2
www.if.ufrj.br,3
www.ifac-control.org,2
"www.ifaemm.de""",1
www.ifo.it,2
www.igi-global.com,1
www.ihcworld.com,3
www.ihe.ca,2
www.iier.org,3
www.iisc.ernet.in,9
www.iitbhu.ac.in,2
www.ijabpt.com,2
www.ijarnp.org,6
www.ijat-aatsea.com,42
"www.ijat-aatsea.com""",1
"www.ijat-aatsea.com"">http",1
www.ijat-aatsea.com<,1
www.ijbs.com,8
www.ijcai.org,2
www.ijcem.com,21
www.ijcep.com,9
www.ijcmas.com,6
www.ijcna.org,1
www.ijeei.org,1
www.ijest.info,4
www.ijidonline.com,8
www.ijitee.org,2
www.ijlret.com,1
www.ijmedres.com,4
www.ijp-online.com,3
www.ijpaonline.info,1
www.ijpbs.net,27
www.ijraset.com,2
www.ijrpsonline.com,2
www.ijser.org,2
www.ijsr.net,1
www.ikpress.org,12
www.ilo.bwl.uni-muenchen.de,3
www.ilo.org,3
www.iltalehti.fi,2
www.imagebam.com,6
www.imaging.org,1
www.imaging.utk.edu,46
www.imdb.com,6
www.imgur.com,1
www.imgurupload.com,5
www.immgen.org,3
www.immunoseq.com,3
www.immunospot.com,3
www.imp.ac.at,3
www.impact-factor.org,3
www.impactaging.com,6
www.impactjournals.com,42
www.imperial.ac.uk,15
www.inami.fgov.be,8
www.incda-fundulea.ro,18
www.incose-la.org,2
www.incose.org,3
www.incredb.org,9
www.independent.co.uk,23
www.inderscience.com,2
www.inderscienceonline.com,2
www.indianjournals.com,9
www.indsante.fr,2
www.ine.es,2
"www.ine.esprensatich_2017.pdf""",1
www.ine.esprensatich_2017.pdf<,1
www.ineris.fr,3
www.infectiologie.com,2
www.infectioncontroltoday.com,2
www.inflammation-repair.manchester.ac.uk,3
www.infobascongo.net,3
www.informatica.si,4
"www.informatics.jax""",1
www.informatics.jax<,1
www.information-age.com,8
www.infoteca.cnptia.embrapa.br,9
www.ingentaconnect.com,34
www.inmr.net,2
www.innerexplorations.com,1
www.inppo.com,3
www.insaindia.org,3
www.insee.fr,2
www.insidehighered.com,9
www.int-res.com,3
www.intechopen.com,30
www.intelligencetest.com,3
www.interesjournals.org,4
www.international.inra.fr,3
www.internationaljournalofcardiology.com,7
www.internetjournalofcriminology.com,18
www.interscience.in,2
www.interscience.org.uk,6
www.invalsi.it,4
www.investinme.org,4
www.iospress.com,1
www.iospress.nl,2
www.iosrjournals.org,3
www.iot.aptilabs.com,2
www.iot.qa,2
www.iotworldtoday.com,4
www.iovs.org,12
www.ipcbee.com,63
www.ipcc.ch,2
www.ipen.br,2
www.ipme.ru,2
www.ipscell.com,72
www.irct.ir,6
"www.irct.ir""",1
www.irct.ir<,1
www.irishnews.com,2
www.irit.fr,267
www.irjabs.com,2
www.irjes.com,2
www.irjet.net,3
www.isabb.academicjournals.org,6
www.isac.world,3
www.isca.in,1
www.isf.org.il,3
www.ishs.org,93
"www.isid.org""",3
"www.isid.org"">http",3
www.isid.org<,3
www.isr-publications.com,2
www.isscr.org,12
www.istat.it,4
www.itis.ethz.ch,6
www.itnonline.com,2
www.iucnredlist.org,24
www.iza.org,2
www.j-paine.org,3
www.jaad.org,2
www.jacc.org,3
www.jacionline.org,1
www.jahonline.org,1
www.jakemp.com,2
www.jamesgmartin.center,2
www.japan-acad.go.jp,6
www.japanpt.or.jp,3
www.japantimes.co.jp,3
www.jax.org,14
www.jbc.org,1983
www.jbuon.com,16
www.jcancer.org,2
www.jcb.org,3
www.jccjournal.org,3
www.jci.org,227
www.jclinepi.com,4
www.jdyy.cn,2
www.jebmh.com,3
www.jeccr.com,3
www.jendodon.com,2
www.jgld.ro,6
www.jhortscib.org,36
www.jianguoyun.com,2
www.jimhopper.com,41
www.jimmunol.org,308
www.jiscmail.ac.uk,3
www.jjc.yu.edu.jo,3
www.jla.nihr.ac.uk,2
www.jleukbio.org,18
www.jlr.org,16
www.jmaterenvironsci.com,2
www.jmmnews.com,4
www.jneurosci.org,140
www.jneurosci.org.gate1.inist.fr,3
www.jnrmyy.com,8
www.jnutbio.com,6
www.jo.gouv.sn,1
www.john-uebersax.com,3
www.johndcook.com,2
www.jollymorelaw.com,3
www.joslin.org,3
www.journal-pop.org,12
www.journalagent.com,12
www.journalair.com,2
www.journalajst.com,6
www.journalcra.com,51
www.journalijar.com,2
www.journalijdr.com,3
www.journalofsurgicalresearch.com,1
www.journalonweb.com,1
www.journals.elsevier.com,47
www.journals.smartscitech.com,2
www.journals.uchicago.edu,22
www.journals4free.com,3
www.journalsleep.org,3
www.journaltcm.com,2
www.jove.com,3
www.jpeds.com,2
www.jpmb-gabit.ir,9
www.jpost.com,2
www.jscholaronline.org,2
www.jscimedcentral.com,3
www.jsph.org.cn,1
www.jsspharma.org,9
www.jstage.jst.go.jp,108
www.jstor.org,33
www.jstzhospital.com,4
www.jtrialerror.com,2
www.juergenhaenggi.ch,3
www.just.edu.jo,3
www.justice.gov,2
www.juullabs.com,1
www.juullabsscience.com,4
"www.juulvapor.com""",1
www.juulvapor.com<,1
www.jvascsurg.org,5
www.jyrmyy.com,2
www.kaaproject.org,2
www.kagawa-isf.jp,6
www.kagawa-u.ac.jp,6
www.kaggle.com,4
www.kalliadas.com,1
www.kao.co.jp,3
www.karger.com,29
www.karlstorz.com,2
www.kasku.org,3
www.kau.edu.sa,9
www.kaust.edu.sa,3
www.kcl.ac.uk,9
www.kdd.org,2
www.keele.ac.uk,2
www.keystonesymposia.org,2
www.khanacademy.org,3
www.kheiron-biotech.com,2
www.kidney-international.org,2
www.kidneypathology.com,2
www.kimmelcancercenter.org,3
www.kinase-screen.mrc.ac.uk,2
www.kjpp.net,1
www.klilu.de,18
www.klinikum.uni-muenchen.de,1
www.koreabiomed.com,4
www.koreascience.or.kr,9
www.kormany.hu,4
www.krisinformation.se,2
www.ksau-hs.edu.sa,3
www.ksebea.in,2
www.kyb.tuebingen.mpg.de,3
www.la-press.com,3
www.lab-times.org,3
www.labome.com,6
www.labome.org,6
www.laborjournal-archiv.de,18
www.laborjournal.de,90
www.labscoop.com,2
www.labtimes-archiv.de,24
www.labtimes.org,9
www.ladepeche.fr,1
www.lamontagne.fr,5
www.landesbioscience.com,39
www.languageandcognition.umd.edu,1
www.lareb.nl,4
www.larkinweb.co.uk,2
www.latamjpharm.org,4
www.laterlifetraining.co.uk,2
www.latimes.com,6
www.law.cornell.edu,1
www.leagle.com,2
www.leakygut.de,2
www.learnthat.org,2
www.ledsmagazine.com,4
www.leeds.ac.uk,3
www.legacy.com,2
www.legifrance.gouv.fr,6
www.lemonde.fr,7
www.lens.org,4
www.lenus.ie,2
www.leprosy-information.org,3
www.let.rug.nl,1
www.letpub.com.cn,2
www.levante-emv.com,2
www.leverhulme.ac.uk,2
www.lexjansen.com,3
www.lexpress.fr,4
www.lgcstandards-atcc.org,5
www.liberation.fr,8
www.liberianobserver.com,3
www.libertynewsnow.com,3
www.library.leiden.edu,3
www.licor.com,3
www.liebertpub.com,55
www.life-science-alliance.org,2
www.life.illinois.edu,6
www.lifesci.dundee.ac.uk,2
www.lifesciencesite.com,21
"www.lifesciencesite.com""",3
"www.lifesciencesite.com"">http",3
www.lifesciencesite.com<,3
www.liggins.auckland.ac.nz,2
www.limr.org,6
"www.lindadouw.com""",1
www.link-labs.com,4
www.linkedin.com,6
www.lipidmaps.org,6
www.livescience.com,1
www.lizwager.com,3
www.lnszl.com,1
www.loc.gov,3
www.lockss.org,2
www.longdom.org,10
www.longeveron.com,2
www.lookingatnothing.com,16
www.loyolamedicine.org,18
www.lps.ens.fr,2
www.lrb.co.uk,2
www.lsuhscshreveport.edu,3
www.ltp-cloud.com,2
www.lumc.nl,15
www.lume.ufrgs.br,1
www.lungcancerjournal.info,10
www.ly120.cn,2
www.lyszxyy.com.cn,4
www.m-hikari.com,3
www.m.imgur.com,7
www.ma.utexas.edu,6
www.maasziekenhuispantein.nl,2
www.macro.economics.uni-mainz.de,3
www.maduracollege.org,15
www.magiceye.com,1
www.mail-archive.com,1
www.makemytrip.com,12
www.malacards.org,4
www.malariajournal.com,3
www.mapress.com,4
www.mariettieditore.it,3
www.marinemedicalsociety.in,2
www.markbenden.com,6
www.markduxbury.info,6
www.marriott.com,5
www.massey.vcu.edu,6
www.massgeneral.org,6
www.matec-conferences.org,1
www.materialstoday.com,3
www.materiamedica.ru,3
www.matfis.unicampania.it,2
www.math.auckland.ac.nz,3
www.math.leidenuniv.nl,12
www.math.rutgers.edu,3
www.math.ucla.edu,9
www.mathcs.emory.edu,3
www.mathworks.com,3
www.matinaljornalismo.com.br,6
www.matsutani.co.jp,6
www.mattek.com,3
www.maturitas.org,6
www.mavensbiotech.com,3
www.maxwellsci.com,12
www.mayoclinicproceedings.org,13
www.mcb.harvard.edu,3
www.mcmaster.ca,3
www.mcolaw.com,2
www.mcser.org,3
www.mdanderson.org,3
www.mdpi.com,202
www.meassociation.org.uk,4
www.mecs-press.org,9
www.med.navy.mil,1
www.med.unc.edu,2
www.med.upenn.edu,3
www.med.wayne.edu,3
www.medcalc.org,3
www.mediafire.com,63
www.mediapart.fr,2
www.medic.mie-u.ac.jp,9
www.medical-labs.net,2
www.medicaldaily.com,3
www.medicalnewstoday.com,10
www.medicine.ox.ac.uk,6
www.mediterranee-infection.com,74
www.medpagetoday.com,8
www.medrxiv.org,58
www.medscape.com,8
www.medscape.org,3
www.medscimonit.com,35
www.medstat.hu,3
www.meduniwien.ac.at,6
www.medwelljournals.com,21
www.mendelset.com,2
www.mentalhealthce.com,2
www.mentalhealthjournal.org,1
www.mercatus.org,2
www.merckmanuals.com,2
www.merckmillipore.com,16
www.merriam-webster.com,9
www.metabunk.org,3
www.methodsman.com,3
www.metmuseum.org,2
www.metrocouncil.org,3
www.metrolyrics.com,3
www.metu.edu.tr,3
www.mhs.com,3
www.michaelbach.de,2
www.michaeleisen.org,24
www.microbiologyjournal.org,3
www.microbiologyresearch.org,20
www.microbiota-site.com,1
www.microwavenews.com,3
www.miltenyibiotec.com,1
www.mindgarden.com,3
www.mindingthecampus.org,4
www.mindscapediagnostics.com,6
www.minervanett.no,2
www.minglebox.com,15
www.mirbase.org,25
www.miur.gov.it,4
www.mmfdergi.gazi.edu.tr,9
www.mohamedelhoseny.com,9
www.moillusions.com,2
www.molbiolcell.org,26
www.molecular-cancer.com,15
www.molecularbrain.com,2
www.molecularecologist.com,6
www.molecularneurodegeneration.com,3
www.moluch.ru,12
www.molvis.org,6
www.morganverkamp.com,3
www.moroccoworldnews.com,1
www.most.gov.cn,5
www.most.gov.tw,2
www.mountsinai.org,3
www.mousephenotype.org,2
www.mpheinrich.de,1
www.mrmproteomics.com,3
www.ms.academicjournals.org,9
www.msa.microscopy.org,1
www.mscbs.gob.es,4
www.msmbb.org.my,12
www.msn.com,2
www.msusurgery.com,3
www.mthr.org.uk,3
www.mtxb.com.cn,3
www.murdoch.edu.au,2
www.mv.helsinki.fi,18
www.myjurnal.my,3
www.nadovich.com,3
www.nakim.org,2
www.nal.usda.gov,2
www.nanoamor.com,12
www.nanocon.eu,3
www.nanositech.com,3
www.nanowerk.com,3
www.nap.edu,8
www.nasa.gov,2
www.natap.org,3
www.nature.com,2911
www.nature.com.gate1.inist.fr,3
www.natureindex.com,1
www.nbcnews.com,5
www.nbdeyy.com,1
www.nber.org,4
www.nc3rs.org.uk,2
www.ncbi.nih.gov,3
"www.ncbi.nlm.nih.g""",1
"www.ncbi.nlm.nih.g"">http",1
www.ncbi.nlm.nih.g<,1
www.ncbi.nlm.nih.gov,8112
"www.ncbi.nlm""",1
www.ncbi.nlm<,1
www.ncdc.noaa.gov,3
www.ncrna.org,2
www.ndl.go.jp,3
www.ndtv.com,3
www.ne.su.se,9
www.neb.com,6
www.nebrija.com,8
www.nedarc.org,1
www.neeri.res.in,6
www.nehu.ac.in,27
www.nejm.org,75
"www.nejm.org""",2
"www.nejm.org"">http",2
www.nejm.org<,2
www.nep-masdar.com,3
www.nepjol.info,10
www.nestle.com,3
www.neuraldynamicsubc.ca,1
www.neurobiologyofaging.org,3
www.neurologyindia.com,2
www.news-medical.net,3
www.news.pitt.edu,2
www.newscientist.com,13
www.newsfinder.org,3
www.newsghana.com.gh,3
www.newsobserver.com,6
www.newstatesman.com,2
www.newsweek.com,2
www.newyorker.com,11
www.nfcr.org,6
www.nhc.gov.cn,26
www.nhmrc.gov.au,19
www.nhmus.hu,3
www.nhri.org.tw,3
www.nhs.uk,5
www.niaid.nih.gov,3
www.nice.org.uk,2
www.nidcr.nih.gov,3
www.niddk.nih.gov,2
www.nih.gov,7
www.nihadc.com,1
www.nirmauni.ac.in,9
www.niscair.res.in,2
www.niso.org,1
www.nitrc.org,5
www.nlm.nih.gov,10
www.nnrh.dk,6
www.nobel.gen.tr,12
www.nobelprize.org,22
www.nolo.com,2
www.norges-bank.no,3
www.northwestern.edu,3
www.notion.so,2
www.nottingham.ac.uk,126
"www.nottingham.ac""",1
"www.nottingham.ac"">http",1
www.nottingham.ac<,1
www.notulaebiologicae.ro,3
www.novapublishers.com,9
www.novilist.hr,1
www.novusbio.com,3
www.npr.org,12
www.nps.gov,2
www.nrc.nl,8
www.nrcorchids.nic.in,27
www.nrcresearchpress.com,28
www.nrk.no,5
www.nrronline.org,2
www.nsc.com.sg,2
www.nsf.gov,30
www.nsfc.gov.cn,66
www.ntmdt-si.com,1
www.ntu.ac.uk,6
www.ntvg.nl,12
www.ntzlyy.cn,1
www.ntzyy.com,4
www.nurseshealthstudy.org,3
www.nutrition-coalition.org,6
www.nutritionandmetabolism.com,3
www.nws.noaa.gov,2
www.nydsrrsh.com,1
www.nytimes.com,119
www.nzlii.org,3
www.nzma.org.nz,1
www.oalib.com,3
www.oapublishinglondon.com,6
www.oarsijournal.com,2
www.oeaw.ac.at,3
www.oecd.org,15
www.ohsu.edu,3
www.oie.int,1
www.oig.doc.gov,2
www.ok-salute.it,2
www.oligotherapeutics.org,2
www.olin.edu,2
www.omegapds.com,1
www.omicsgroup.com,6
www.omicsgroup.org,12
www.omicsonline.com,2
www.omicsonline.org,8
www.omnicalculator.com,2
www.oncolnc.org,4
www.oncologyreviews.org,2
www.oncoscience.us,2
www.oncotarget.com,306
www.ons.gov.uk,8
www.opb.org,2
www.open.edu,2
www.openaccessscience.com,3
www.opinapoli.it,1
www.opticalillusion.net,3
www.opticsinfobase.org,6
www.optifast.com,3
www.oregonlive.com,1
www.origo.hu,3
www.ornl.gov,7
www.orthopeden.org,2
www.osapublishing.org,5
www.osme.org,30
www.osti.gov,5
www.ou.edu,8
www.ouest-france.fr,2
www.ovarianresearch.com,3
www.oxfordjournals.org,6
www.oxfordlearnersdictionaries.com,2
www.oxphos.org,1
www.p-value.info,3
www.pacermonitor.com,3
www.pacetrial.org,12
www.paed.uscourts.gov,3
www.pagepress.org,3
www.pakbs.org,9
www.panix.com,1
www.pantomics.com,2
www.parasitesandvectors.com,6
www.paris8.free.fr,2
www.parismatch.com,2
www.parliament.uk,2
www.patanjaliayurved.net,4
www.patanjaliresearchinstitute.com,4
www.patentbuddy.com,3
www.patentsencyclopedia.com,2
www.paulvanlange.com,3
www.pavementcouncil.org,48
www.pbs.org,3
www.pca.state.mn.us,3
www.pcm2004.org,1
www.pcsee.org,1
www.pelagiaresearchlibrary.com,3
www.people.vcu.edu,2
www.pepijnvanerp.nl,25
www.perc.org,3
www.perdcentre.com,6
www.personal.psu.edu,1
www.pewresearch.org,11
www.pewtrusts.org,3
www.pfizer.com,2
www.pharma.hku.hk,3
www.pharmaresearchlibrary.com,6
www.phcog.com,12
www.phcogfirst.com,4
www.phdish.com,6
www.phenix-online.org,3
www.phosphosite.org,2
www.phy.ilstu.edu,3
www.physics.upenn.edu,2
www.physiology.org,8
www.piercenet.com,3
www.pixtastock.com,1
www.pje.miiz.waw.pl,3
www.pkuih.edu.cn,2
www.plagiarism.org,4
www.planalto.gov.br,6
www.plantbehavior.org,12
www.plantcell.org,135
www.plantevolution.org,4
www.plantphysiol.org,81
www.plantphysiology.org,6
www.plasmachem.com,2
www.plasmaproteomedatabase.org,3
www.platonsoft.nl,1
www.plos.org,27
www.plosbiology.org,15
www.plosgenetics.org,9
"www.plosmedicine.o""",1
"www.plosmedicine.o"">http",1
www.plosmedicine.o<,1
www.plosmedicine.org,3
www.plosone.org,197
www.plospathogens.org,6
www.pmf.ni.ac.rs,2
www.pmgenomics.ca,3
www.pmi.com,3
www.pmiscience.com,3
www.pnas.org,521
"www.popehat.com""",1
"www.popehat.com"">http",1
www.popehat.com<,1
www.popsci.com,4
www.por-journal.com,3
www.portal.uni-koeln.de,15
www.poweredbyosteons.org,1
www.poynter.org,1
www.ppu.mrc.ac.uk,6
www.pref.kagawa.jp,6
www.preprints.org,16
www.prepubmed.org,4
www.pressprogress.ca,3
www.pressreader.com,2
www.preventionresearch.org,3
www.primarycell.com,3
www.princeofmexico.com,4
www.priniotakis.gr,2
www.prlog.org,3
www.prnewswire.com,6
www.prodolabs.com,3
www.professeur-alexandre-georges.info,8
www.promedmail.org,12
"www.promedmail.org""",3
"www.promedmail.org"">http",3
www.promedmail.org<,3
www.proteinatlas.org,34
"www.proteinatlas.org""",1
www.proteinatlas.org<,1
www.proteinsimple.com,2
www.proteomexchange.org,4
www.prothelial.com,2
www.protocols.io,6
www.psblab.org,81
"www.psblab.org""",1
"www.psblab.org"">http",1
www.psblab.org<,1
www.psmag.com,3
www.pspconsulting.org,2
www.psy.ritsumei.ac.jp,2
www.psyc.bbk.ac.uk,3
www.psychiatry.org,2
www.psychol.cam.ac.uk,6
www.psychologicalscience.org,8
www.psychologytoday.com,6
www.ptca.org,2
www.ptno.ogr.ar.krakow.pl,27
www.pubchase.com,3
www.pubhort.org,4
"www.publicationethics.org>""",2
"www.publicationethics.org>"">http",2
www.publicationethics.org><,2
www.publichealthpolicyjournal.com,4
www.publicscienceframework.org,9
www.publish.csiro.au,6
www.publishingcampus.elsevier.com,9
www.pubpeer.com,2963
www.pumch.cn,3
www.purdue.edu,10
www.qd3y.cn,1
www.qdcrbyy.cn,3
www.qdhaici.cn,4
www.qdslyy.cn,3
www.qdzxyy.com,4
www.qeios.com,14
www.qiagen.com,7
www.quantamagazine.org,2
www.quora.com,8
www.r-bloggers.com,2
www.radartutorial.eu,1
www.rae.ac.uk,2
www.ramb.org.br,3
www.raosoft.com,3
www.rapport.fi,2
www.rbmojournal.com,3
www.rcsb.org,11
www.readcube.com,3
www.realclearscience.com,5
www.realclimate.org,16
www.recherchecliniquepariscentre.fr,1
www.recovery.gov,3
www.recoverytrial.net,2
www.recwet.t.u-tokyo.ac.jp,6
www.redalyc.org,3
www.reddit.com,3
www.redorbit.com,5
www.ref.ac.uk,3
www.regmedgrant.com,9
www.regulations.gov,16
www.relx.com,3
www.research-collection.ethz.ch,2
www.research.psu.edu,4
www.researchgate.net,741
WWW.RESEARCHGATE.NET,1
www.researchintegrityjournal.com,3
www.researchsquare.com,20
www.resmedjournal.com,2
www.resourcenter.net,3
www.resus.org.uk,3
www.retractionwatch.com,3
www.reuters.com,18
www.revista-nanociencia.ece.buap.mx,1
www.revistanefrologia.com,1
www.revistas.usp.br,3
www.revistasice.com,2
www.revmed.ch,3
www.revmedvet.com,9
www.rferl.org,2
www.richmond.com,2
www.rieti.go.jp,2
www.rigaku.com,1
www.rightoncanada.ca,3
www.rijksoverheid.nl,2
www.riken.jp,21
www.ril.com,4
www.rilab.org,24
www.rin.ac.uk,2
www.ripublication.com,3
www.rivistaoidu.net,2
www.rki.de,4
www.rndsystems.com,6
www.rniito.org,3
www.robarts.ca,3
www.roche.com,3
www.rockefeller.edu,3
www.roger-pearse.com,1
www.roswellpark.edu,3
www.roswellpark.org,6
www.routledge.com,3
www.royalfamily.org,3
www.rs-online.com,2
www.rsc.org,47
www.ru.ac.bd,2
www.rug.nl,14
www.russian-scammers.com,9
www.russpoldrack.org,3
www.rxlist.com,2
www.sackett.net,3
www.sagepub.com,9
www.salon.com,2
www.salzburg.com,3
www.sandalwoodfoundation.org,12
www.sanger.ac.uk,3
www.sapub.org,3
www.sarstedt.com,3
www.satyamjayatu.com,2
www.scbt.com,14
www.scholarpedia.org,4
www.scialert.net,111
www.scibull.com,6
www.scielo.br,90
www.science-fraud.org,12
www.science.org,21
www.science.smith.edu,2
www.science20.com,15
www.scienceadvice.ca,3
www.sciencealert.com,5
www.sciencebasedmedicine.org,15
www.sciencedaily.com,15
www.sciencedirect.com,2552
www.sciencedirect.com.,3
www.sciencedirect.com.libproxy.ucl.ac.uk,2
www.sciencedomain.org,54
www.sciencemag.org,255
www.sciencemag.org.gate1.inist.fr,6
www.sciencemediacenter.de,1
www.sciencemediacentre.org,14
www.sciencenews.org,10
www.scienceopen.com,9
www.sciencepubco.com,2
www.sciencepublishinggroup.com,4
www.scientific.net,1
www.scientificamerican.com,75
www.scientificexploration.org,4
www.scilogs.com,9
www.scilogs.de,3
www.scimagojr.com,9
www.sciphysicsforums.com,182
"www.sciphysicsforums.com]""",1
"www.sciphysicsforums.com]"">http",1
www.sciphysicsforums.com]<,1
www.scirp.org,47
www.scitechnol.com,1
www.scopemed.org,12
www.scopus.com,6
www.scotsman.com,3
www.scottaaronson.com,43
www.scotusblog.com,3
www.scribd.com,98
www.scripintelligence.com,6
www.scripps.edu,3
www.scs-europe.net,4
www.scst.org.uk,3
www.sea.gob.cl,2
www.seahorsebio.com,3
www.sebastienmichenaud.com,3
www.sec.gov,2
www.seefor.eu,12
www.seer.ufu.br,9
www.sekj.org,12
www.semanticscholar.org,43
www.senat.fr,4
www.sepmstrata.org,2
www.serviceobjects.com,1
www.sfn.org,1
www.sharetechnote.com,2
www.sheffield.ac.uk,1
www.shemayisrael.com,6
www.sherpa.ac.uk,2
www.shmoop.com,1
www.shorouknews.com,2
www.shro.org,3
www.shutha.org,3
www.shutterstock.com,6
www.siam.org,1
www.sid.ir,4
www.sigmaaldrich.com,27
www.signavitae.com,2
www.significancemagazine.org,3
www.silae.it,9
www.singaporestatement.org,3
www.siop.org,3
www.sitoolsbiotech.com,1
www.sjc.ac.in,3
www.sjukhuslakaren.se,3
www.skeletalmusclejournal.com,6
www.skepticalraptor.com,4
www.skuast.org,6
www.slate.com,15
www.sleep-wake.com,9
www.slideshare.net,27
www.sljol.info,3
www.smartchicago-collaborative.org,1
www.smbc-comics.com,2
www.smh.com.au,30
www.smj.org.sg,4
www.smokershistory.com,3
www.snopes.com,1
www.socialaw.com,9
www.sociologicalscience.com,2
www.socraticmethod.net,2
www.socscistatistics.com,3
"www.socscistatistics.com""",1
"www.socscistatistics.com"">http",1
www.socscistatistics.com<,1
www.solubilityofthings.com,2
www.sott.net,3
www.spandidos-publications.com,266
www.spc.int,3
www.spectator.com.au,1
www.spectrumnews.org,5
www.spie.org,3
www.spiedigitallibrary.org,7
www.spiegel.de,17
www.spine-health.com,3
www.sportsci.org,1
www.spreadshirt.co.uk,1
www.spring.org.uk,2
www.springer.com,166
www.springernature.com,5
www.springeropen.com,4
www.springerprotocols.com,12
www.spuvvn.edu,18
www.ssu.ac.ir,5
www.stablewatercluster.net,3
www.standaard.be,2
www.standard.co.uk,4
www.stat.berkeley.edu,6
www.stata.com,36
www.statalist.org,3
www.statista.com,2
www.statisticalengineering.com,3
www.statnews.com,32
www.statsdirect.com,1
www.statsoft.com,6
www.stembank.ch,9
www.stemcell.com,21
www.stemcellres.com,9
www.stevensgroup.org,3
www.stormmediagroup.com,3
www.straitstimes.com,16
www.strath.ac.uk,3
www.strobe-statement.org,3
"www.strobe-statement.org""",1
"www.strobe-statement.org"">http",1
www.strobe-statement.org<,1
www.stubbornmule.net,5
www.stuff.co.nz,1
www.sudradio.fr,2
www.sueddeutsche.de,2
www.sugarsync.com,3
www.sussex.ac.uk,3
www.svd.se,3
www.svt.se,36
www.svtplay.se,3
www.synapse.org,3
www.systemsmedicineireland.ie,2
www.sysucc.org.cn,6
www.taipeitimes.com,17
www.takepart.com,3
www.talkaboutautism.org.uk,3
www.talyarkoni.org,12
www.tandfonline.com,707
www.targeting-mitochondria.com,1
"www.targets""",1
www.targets<,1
www.tasmc.org.il,3
www.taylorfrancis.com,2
www.tceq.texas.gov,3
www.tci-thaijo.org,24
www.tcpinnovations.com,3
www.tcrjournals.com,3
www.tdx.cat,6
www.techcomrade.com,2
www.technion.ac.il,6
www.technologyreview.com,1
www.teco.edu,4
www.ted.com,3
www.teknoscienze.com,15
www.telegraph.co.uk,32
www.telit.com,2
www.termedia.pl,4
www.tesisenred.net,3
www.tesisenxarxa.net,6
www.testmagzine.biz,1
www.textroad.com,2
www.tf.llu.lv,2
www.the-aps.org,3
www.the-scientist.com,114
www.the100.ci,2
www.theanalysisfactor.com,3
www.theatlantic.com,5
www.theaustralian.com.au,1
www.thebonejournal.com,4
www.thecanary.co,3
www.thecrimson.com,5
www.thecrustaceansociety.org,3
www.thedailybeast.com,2
www.theenvironmentalblog.org,1
www.theglobeandmail.com,5
www.theguardian.com,112
www.thehindu.com,10
www.thehindubusinessline.com,6
www.thejaps.org.pk,6
www.thejgo.org,3
www.thejournal.ie,3
www.thelancet.com,94
www.thelantern.com,10
www.thelocal.se,4
www.themarketfinancial.com,1
www.thephage.xyz,1
www.theplantlist.org,3
www.thermofisher.com,22
www.theses.fr,19
www.thespinejournalonline.com,2
www.thestar.com,15
www.thetimes.co.uk,2
WWW.THEWORLDOFCHINESE.COM,1
www.thieme-connect.com,4
www.thno.org,30
www.thoughtco.com,2
www.threatenedtaxa.in,3
www.thyroidmanager.org,2
www.tib.eu,2
www.tifr.res.in,1
www.timecube.com,3
www.timeshighereducation.co.uk,45
www.timeshighereducation.com,62
www.timesofisrael.com,1
www.timesunion.com,24
www.timvanderzee.com,3
www.tinyurl.com,1
www.tojet.net,6
www.tomaslindblad.se,12
www.tomeulamo.com,2
www.torproject.org,6
www.torrossa.com,2
www.townsvillebulletin.com.au,1
www.trademarkia.com,2
www.transgendertrend.com,2
www.translationalethics.com,6
www.translationalmedicine-lancet-cell.com,3
www.transylvanianreviewjournal.com,1
www.travelchannel.com,1
www.trialregister.nl,2
www.trialsitenews.com,2
www.trialsjournal.com,3
www.trivedieffect.com,2
www.tropicalplantresearch.com,6
www.tsfp-conference.org,2
www.tsl.ac.uk,16
www.turkjgastroenterol.org,2
www.tvsette.net,1
www.twincities.com,1
"www.tymestrust.org""",1
www.tymestrust.org<,1
www.uab.cat,3
www.uab.edu,3
www.ucd.ie,3
www.uchile.cl,10
www.ucl.ac.uk,6
www.uco.es,2
www.ucs.louisiana.edu,3
www.ucsf.edu,3
www.udg.edu,3
www.uea.ac.uk,2
www.ugr.es,2
www.uib.no,3
www.ukbiobank.ac.uk,3
www.ukrn.org,2
www.ulb.ac.be,3
"www.ulelab.info""",1
"www.ulelab.info"">http",1
www.ulelab.info<,1
www.um.es,18
www.unh.edu,3
www.uni-bremen.de,6
www.uni-kiel.de,2
www.uni-mainz.de,3
www.uni-regensburg.de,2
www.uni-salzburg.at,3
www.unife.it,15
www.unimi.it,9
www.unipi.it,3
www.uniprot.org,9
www.unipune.ac.in,2
www.united-security-providers.com,2
www.unitedstatescourts.org,2
www.univ-paris-est.fr,2
www.universalhub.com,2
www.universalmedicineexposed.com,1
www.universitytorontofraud.com,3
"www.universitytorontofraud.com""",1
"www.universitytorontofraud.com"">http",1
www.universitytorontofraud.com<,1
www.unz.com,4
www.unz.org,1
www.uow.edu.au,18
www.upmedia.mg,3
www.uq.edu.au,3
www.urmc.rochester.edu,2
www.us-nano.com,26
www.usenix.org,1
www.uspto.gov,2
www.ust-global.com,3
"www.ust.edu.pl""",1
www.uva.nl,3
www.vaccinssansaluminium.org,2
"www.vaccinssansaluminium.org""",1
www.vbripress.com,12
www.videregen.com,3
www.vie-publique.fr,2
www.vims.edu,2
www.virology.ws,27
www.virosin.org,3
"www.virosin.org""",1
"www.virosin.org"">http",1
www.virosin.org<,1
www.visualsonics.com,3
www.vivis.de,2
www.vodafone.com,3
www.vox.com,9
www.wageningenur.nl,3
www.wame.org,26
www.wame.org.sci-hub.cc,3
www.wanfangdata.com.cn,2
www.waseda.jp,3
www.washington.edu,1
www.washingtonpost.com,6
www.waxmancancer.org,6
www.wcb.ed.ac.uk,3
www.wcci2008.org,1
www.webcitation.org,9
www.weizmann.ac.il,25
www.welchallyn.com,3
www.westminster.ac.uk,2
www.westonaprice.org,3
www.whatdotheyknow.com,2
www.whistleblowers.gov,3
www.whitehouse.gov,2
www.who.int,42
www.wikipedia.org,3
www.wipo.int,2
www.wired.co.uk,2
www.wired.com,9
www.witpress.com,46
www.wjgnet.com,36
www.wjst.de,5
www.wma.net,8
www.wolfson.qmul.ac.uk,4
www.wordhippo.com,2
www.wordsmith-communication.co.uk,3
www.workspacecooling.co.uk,2
www.workwithcolor.com,2
www.worldatlas.com,1
www.worldcat.org,3
www.worldometers.info,6
www.worldscientific.com,14
www.worldscientificnews.com,4
www.wormbook.org,8
www.worstpolluted.org,2
www.wrc.org.za,1
www.writingenglish.com,1
www.wsj.com,262
www.wsws.org,2
www.wxfuyou.com,1
www.wxtcm.com,2
www.xconomy.com,3
www.xinhuanet.com,2
www.xpdfreader.com,2
www.yahoo.com,5
www.yakchim.org,2
www.yeastgenome.org,3
www.yissum.co.il,3
www.ylyy.org,2
www.yomiuri.co.jp,3
www.youtube.com,227
www.ypfph.com,1
www.yumpu.com,4
www.yuzuki.org,1
"www.z-eeg.com""",1
"www.z-eeg.com"">http",1
www.z-eeg.com<,1
www.zeit.de,1
www.zen-bio.com,3
www.zenodo.org,20
www.zenscientist.com,3
www.zjujournals.com,4
www.zoeharcombe.com,2
www.zoominfo.com,9
www.zymoresearch.com,1
www.zzfh.com,1
www1.folha.uol.com.br,6
www1.health.gov.au,2
www1.itis.ethz.ch,3
www1.metalurji.org.tr,2
www2.ans.org,2
www2.ba.itb.cnr.it,2
www2.cnrs.fr,36
www2.deloitte.com,2
www2.gmu.edu,1
www2.mrc-lmb.cam.ac.uk,2
www2.psych.purdue.edu,6
www2.stat.duke.edu,2
www2.usgs.gov,3
www3.epa.gov,3
www3.iupui.academicjournals.org,21
www3.nhk.or.jp,3
www3.riken.jp,3
www3.unil.ch,3
www4.utsouthwestern.edu,1
www6.miami.edu,3
wwwlib.teiep.gr,6
wwwnc.cdc.gov,24
xbyxb.csu.edu.cn,1
xkcd.com,6
xn--ciberresearch-fm6g.eu,4
xuebao.neu.edu.cn,1
yadi.sk,8
yamanaka-shinya.blogspot.co.il,3
yorkspace.library.yorku.ca,2
youtu.be,17
yunpan.cn,3
zenodo.org,26
"zenodo.org""",1
zenodo.org<,1
zookeys.pensoft.net,3
zsbapp.baruch.cuny.edu,3
